,rsrp,redireccion,cqi,incidentes
0,-116.5,90890.42778,8.138370454311401,0
1,-115.1875,91193.46144,9.1402661204338,0
2,-119.125,91877.50918,7.8089171946049,0
3,-111.8125,92049.6336,8.8782714307308,0
4,-115.1875,92275.58028,9.051621943712199,0
5,-114.8125,89020.98958,8.135721981525402,0
6,-112.9375,88775.20606,8.6767420172691,0
7,-113.125,88736.23513,10.244525879622001,0
8,-118.375,92628.23732,7.894115686416599,0
9,-116.6875,88541.12981,8.2171068191528,0
10,-118.5625,88395.94517,8.2100952863693,0
11,-113.5,88119.16667,9.859285056591,0
12,-113.125,86963.22697999999,8.5166518092155,0
13,-117.625,86331.57722,9.4667472243309,0
14,-114.4375,86258.06263,9.265364527702301,0
15,-115.1875,86097.52292,7.683431327343,0
16,-115.375,85974.93866,9.0794966220856,0
17,-113.3125,85950.71901,7.9638103544712004,0
18,-113.125,85887.3215,9.262596428394302,0
19,-116.6875,85711.80422,6.0386561751366,0
20,-117.0625,85586.90864,7.058583706617401,0
21,-117.0625,85462.01307,6.7185353040695,0
22,-116.5,85050.9661,9.754783451557199,0
23,-117.625,84822.71465,9.362289845943401,0
24,-114.25,93892.09744,8.3657174408436,0
25,-113.875,84819.55501,9.1439962387085,0
26,-112.0,84706.19548,9.591056823730499,0
27,-118.1875,83833.05681000001,8.866615772247302,0
28,-111.4375,83696.59727,10.104580461979001,0
29,-115.1875,83634.33668,8.8999321460724,0
30,-112.9375,83619.41046,9.5610322952271,0
31,-112.1875,83494.75,8.790557891130401,0
32,-115.1875,83241.58484,8.9169492423534,0
33,-115.1875,83147.61705,8.167866289615601,0
34,-114.625,83007.80609,8.6702899634838,0
35,-113.875,82758.98187,9.630663216114,0
36,-112.9375,82548.2735,8.5121925771236,0
37,-112.5625,94680.12667,9.461953103542301,0
38,-114.25,82095.04268,7.7985256314277995,0
39,-118.0,81734.01259,7.081430017948099,0
40,-119.6875,81612.59614,9.3706343173981,0
41,-113.5,95056.10094,7.6506696045399,0
42,-118.0,80933.29643999999,6.5453274250031,0
43,-111.625,80889.52521,9.690068781375901,0
44,-117.4375,79982.79966,8.6577127873898,0
45,-114.625,96106.84296000001,8.974769651889801,0
46,-118.75,79822.49692,7.4207158088684,0
47,-113.875,79457.03249,8.99197691679,0
48,-106.1875,79164.23839,9.1728899478912,0
49,-116.5,78440.27474,7.4321182072163,0
50,-111.4375,78283.86235,9.1781071126461,0
51,-116.6875,78270.80566,8.2194002866745,0
52,-111.4375,98857.33357999999,8.9456055164337,0
53,-118.375,98884.97691,9.1987900733948,0
54,-116.3125,77165.47782999999,9.015897572040599,0
55,-117.25,99049.98393,8.7707280218601,0
56,-112.375,76393.16913,9.9863747954369,0
57,-107.875,76168.9127,8.840924471616699,0
58,-112.9375,100153.3525,9.268246591091199,0
59,-111.8125,75879.83205,10.067345798016,0
60,-118.9375,75280.53577999999,7.9039155244826995,0
61,-112.75,75105.58065,10.024661064148,0
62,-111.8125,75034.26922999999,8.6186878085136,0
63,-116.125,74962.04761000001,7.9126402437687,0
64,-109.75,74620.03596000001,7.429088413715401,0
65,-118.375,74590.4767,7.737188339233401,0
66,-112.5625,74297.33794,8.9823393821716,0
67,-115.1875,74269.82664,11.128793895244998,0
68,-118.375,74223.81906000001,7.0559389988581005,0
69,-116.875,73348.68147000001,9.053580135107,0
70,-115.375,73340.52754,9.9200422763824,0
71,-112.5625,73215.80051,10.693352401257,0
72,-112.1875,72922.84746,8.859823226928699,0
73,-112.9375,72782.29383,7.5300532281399,0
74,-113.3125,72578.28974,8.9884084165096,0
75,-116.5,103552.3126,8.256079852581001,0
76,-113.125,103770.3518,8.215693771839101,0
77,-116.125,72189.14643,8.1894721090794,0
78,-114.4375,103901.3775,6.9351753592491,0
79,-115.9375,72123.97274,7.8001255691050995,0
80,-116.875,71777.73585,10.499761164188,0
81,-112.5625,71650.99363,8.4835519790649,0
82,-110.3125,71594.80578,10.567538797855,0
83,-119.5,71260.58843999999,8.1385342776775,0
84,-117.25,105100.1956,8.405970692634599,0
85,-110.3125,70958.91237,9.1257095038891,0
86,-115.9375,105127.3897,8.5418683290482,0
87,-119.3125,70498.6448,9.0765999555588,0
88,-112.75,70212.11924,7.207141607999799,0
89,-118.5625,105983.56300000001,9.0572549402714,0
90,-113.125,70025.13185,10.545358300209,0
91,-116.6875,106065.6498,6.9193913340569,0
92,-119.6875,69886.89977999999,7.964317232370401,0
93,-115.1875,69679.49982000001,9.0565837621689,0
94,-113.3125,69661.10018,9.864383995533,0
95,-110.125,69439.1088,8.505292385816599,0
96,-112.75,106738.9229,7.879147380590401,0
97,-114.25,106785.4949,9.8963993191719,0
98,-111.0625,69207.34087999999,7.8641383647919,0
99,-113.5,69007.09584,9.1770652830601,0
100,-114.625,107870.3308,11.193905413150999,0
101,-113.3125,67958.83234,8.7247981131077,0
102,-112.5625,67837.20819,9.5543940067291,0
103,-115.0,67735.01797999999,9.411987066268901,0
104,-104.3125,67613.83787,8.9864058494568,0
105,-115.75,67387.10392000001,9.365503132343301,0
106,-119.3125,67187.34588,9.189309984445599,0
107,-120.25,67004.8073,9.5435317158699,0
108,-114.4375,66823.07134,8.1481761336327,0
109,-111.4375,66692.44745,10.482305169105999,0
110,-114.8125,66538.00649,10.298957675695,0
111,-108.25,109629.9086,8.681662499904599,0
112,-114.8125,66411.69126,9.6226504445076,0
113,-115.9375,109894.75,7.7799283564090995,0
114,-122.3125,65998.72352999999,8.040145516395599,0
115,-118.5625,65867.61766,10.859696269035,0
116,-118.0,65650.3962,8.3232436776161,0
117,-115.375,65588.90527,9.491918385028802,0
118,-113.125,65439.6875,9.8658579587936,0
119,-118.0,65423.49276,7.7821244299412005,0
120,-106.1875,65347.94659,9.352410197258001,0
121,-114.625,65263.62012000001,8.1696101725101,0
122,-116.3125,65231.32958,10.535048961639001,0
123,-114.25,65129.34843,9.1868867576122,0
124,-116.3125,64998.12262,6.169420301914201,0
125,-111.625,64827.81903,9.1543321311474,0
126,-117.0625,64642.72575,9.267117142677302,0
127,-112.1875,64337.94735,9.2254792749882,0
128,-115.375,64176.87903,9.413335442543,0
129,-114.8125,64165.732560000004,8.811436563730199,0
130,-118.375,64058.82142000001,8.3751426041126,0
131,-115.1875,63697.88209,7.5041203200817,0
132,-115.1875,63401.27385,9.4876859784126,0
133,-115.9375,63247.804039999995,10.524356544018,0
134,-114.4375,63045.49246,8.4598689675331,0
135,-118.9375,62958.43939,7.4070609211922,0
136,-115.5625,113903.9647,8.5619626045227,0
137,-111.625,61430.74724,10.049404382706,0
138,-116.875,61359.065839999996,5.831683516502401,0
139,-113.125,61192.340370000005,7.841330111026799,0
140,-117.8125,61150.5535,9.076813966035802,0
141,-106.75,61127.52121,9.8043419718742,0
142,-118.0,61084.95368,9.019365847110802,0
143,-117.625,61074.65064,7.589662820100799,0
144,-115.375,60898.96009,9.408826649189,0
145,-118.75,115246.5064,8.3154945373535,0
146,-117.0625,60686.376829999994,11.562732577323999,0
147,-113.875,60659.549060000005,6.9548330008984,0
148,-119.875,60420.06981,6.402091711759599,0
149,-116.875,60305.43422,10.389938414097001,0
150,-119.125,60184.24207000001,8.6930994391441,0
151,-115.1875,60167.44982,9.078079521655999,0
152,-115.75,59928.059989999994,8.350663125515,0
153,-116.125,59925.573829999994,10.494916856289,0
154,-111.8125,59826.45075,9.0908941030502,0
155,-116.5,59775.7,9.2033556699753,0
156,-113.875,59755.16047,9.385806322097801,0
157,-113.3125,116385.1298,7.7022032141685,0
158,-118.1875,59585.42532,9.1104353070259,0
159,-117.4375,59550.366120000006,10.400572001934,0
160,-114.8125,59473.73184,9.341308683157001,0
161,-107.5,59420.13111,9.3439735770225,0
162,-114.0625,59181.58485,9.3278484344482,0
163,-116.875,58995.6238,9.166622102260598,0
164,-112.75,58801.04923,9.060603141784698,0
165,-115.1875,58496.85335,8.3333288133144,0
166,-115.0,58407.7182,9.888080596923801,0
167,-122.3125,58390.8511,7.556524425745,0
168,-117.0625,58343.44874,8.3483561873436,0
169,-108.625,58022.614779999996,9.864875674247699,0
170,-112.9375,118323.9333,8.2042221426964,0
171,-116.3125,57588.885160000005,8.796034187078499,0
172,-114.625,57538.60164,8.6975350677967,0
173,-111.25,57465.71899,8.5387080609798,0
174,-115.5625,118671.2842,8.0616385936737,0
175,-111.0625,57281.83674,9.1497666835785,0
176,-113.6875,57246.733920000006,9.456068813800801,0
177,-115.75,57113.62908,10.891331553459,0
178,-112.5625,56961.207610000005,9.4837663769722,0
179,-119.125,56813.07826,8.2581458091736,0
180,-118.0,56761.52108,9.8073756694794,0
181,-117.25,56720.845929999996,8.6549891233444,0
182,-119.3125,56602.04452,8.2810141444206,0
183,-111.625,56496.464270000004,10.836376547813,0
184,-113.875,56141.179220000005,9.273307800292999,0
185,-118.375,56114.21988,9.1946657896042,0
186,-112.375,56018.56812999999,9.3026139140129,0
187,-114.0625,55688.069339999995,9.7292343974114,0
188,-114.25,55614.51687000001,8.8435646891594,0
189,-114.8125,55252.20046,9.5921424031258,0
190,-114.25,55088.59367,10.194313824177,0
191,-108.25,55023.687379999996,7.2875111699104,0
192,-108.4375,55004.002029999996,7.8210415244102,0
193,-119.125,121154.1951,9.4460567235947,0
194,-112.75,54830.712120000004,8.8177669048309,0
195,-113.875,54703.26297999999,9.6952679157257,0
196,-117.625,54621.31177000001,9.344378846032301,0
197,-115.375,54482.72591,8.1934024691582,0
198,-116.125,54435.29116,8.7799710631371,0
199,-105.8125,54373.4793,8.8280870914459,0
200,-113.125,54298.26565,7.522830635309201,0
201,-115.75,54034.60782999999,6.484997242689099,0
202,-116.6875,122073.9197,8.7919511795044,0
203,-116.125,122257.4486,9.3862314224243,0
204,-118.9375,53805.15655,10.192493025462001,0
205,-119.875,53805.15655,10.430772900581,0
206,-113.5,53755.95449,6.5,0
207,-112.9375,53707.23592000001,9.0307960510254,0
208,-113.3125,53498.09091,9.066296190023401,0
209,-112.9375,53255.60145,10.680394589901,0
210,-117.8125,53026.23339,6.6751595139503,0
211,-118.1875,52989.001339999995,9.099587649106999,0
212,-116.875,52970.84078,9.034029841423001,0
213,-116.875,52854.78417,8.5385631024837,0
214,-118.9375,52542.13452,8.5512026846409,0
215,-116.3125,123629.5664,8.386183053255099,0
216,-110.6875,52355.21632,9.9318746328354,0
217,-117.8125,52114.41143,8.5750483870506,0
218,-113.3125,52059.08333,7.709074616432201,0
219,-115.1875,51954.164619999996,9.7864865660667,0
220,-117.625,51838.62199,8.655164152383799,0
221,-116.3125,51831.75898,8.455239832401299,0
222,-116.6875,51782.32293,9.311570763588001,0
223,-115.9375,51575.68028,8.2222553193569,0
224,-111.625,124577.2,9.437583148479499,0
225,-116.6875,51428.52863,8.3363758027554,0
226,-115.1875,51328.51948,8.1815949082375,0
227,-116.5,51313.93598,9.0474348068237,0
228,-112.375,50948.109730000004,9.111589550972,0
229,-112.1875,50845.023010000004,10.381708621979001,0
230,-120.0625,50726.44435,7.845768332481401,0
231,-114.625,50679.87989,9.1828183531761,0
232,-108.4375,50596.0404,8.876975864172,0
233,-113.125,50581.47279,9.818301975727099,0
234,-118.375,50488.36498,8.132681787014,0
235,-107.875,50481.98571,9.353235840797401,0
236,-116.875,50454.20392,8.3691812455654,0
237,-113.6875,50418.12855,8.7927923798561,0
238,-116.5,50330.47895,9.1597676873207,0
239,-121.0,50327.69167,7.585730731487301,0
240,-114.4375,50309.74694,10.018718361855,0
241,-118.1875,50302.84935,9.8962653875351,0
242,-113.125,50293.65172,8.283761084079702,0
243,-117.4375,50252.119210000004,7.8169974982738,0
244,-118.375,125931.7625,8.5082094669342,0
245,-107.6875,49981.068719999996,9.689888775348699,0
246,-116.5,49891.49523,10.591703176498,0
247,-113.6875,49742.99242,10.005270600319001,0
248,-106.9375,49657.92022,9.2362377047539,0
249,-114.0625,126457.0914,9.6933862268925,0
250,-116.6875,49535.1945,6.9906320571899006,0
251,-114.8125,49526.170939999996,8.8809995651245,0
252,-110.5,49508.701219999995,7.55690279603,0
253,-119.125,49493.51445,8.620589196682,0
254,-119.5,49451.82484,7.8663677871227,0
255,-116.6875,49441.97048,7.868295699358,0
256,-120.4375,49382.83226,8.096828699111901,0
257,-118.75,49334.75529,9.1277109384537,0
258,-118.1875,49276.4893,9.286369562149,0
259,-116.5,49217.24381,7.181835502386099,0
260,-119.125,49133.28132,8.4921595752239,0
261,-117.25,49071.88143,7.393700569868099,0
262,-117.8125,48898.18665,9.6539025306702,0
263,-120.0625,48780.5381,9.333540260791802,0
264,-113.6875,48774.6,9.3581570088863,0
265,-112.75,48684.68717,8.9437617957592,0
266,-112.375,48588.65978,9.0002526640892,0
267,-112.1875,127490.2378,8.8184229135513,0
268,-113.125,48508.07322,8.3211226761341,0
269,-119.875,48288.109919999995,8.7755055129528,0
270,-114.0625,48255.78714,9.855904340743999,0
271,-116.5,48255.78714,8.6143528521061,0
272,-119.125,48255.78714,7.6959007680416,0
273,-116.3125,48246.2716,7.688501328229901,0
274,-121.1875,48149.174719999995,7.3590469658375,0
275,-116.875,48045.15847,10.200832664967,0
276,-116.875,47826.79208,8.9566630721092,0
277,-118.5625,47798.04946,7.872597306966799,0
278,-109.1875,47545.69756,9.252685129642499,0
279,-111.625,47538.44761,8.4748564362526,0
280,-119.3125,47508.544369999996,7.812130808830299,0
281,-115.75,47480.72818,7.5371342301369,0
282,-117.8125,47467.404239999996,7.546994984149901,0
283,-111.0625,47454.11383,11.047104239464,0
284,-119.125,47413.36451,9.3855223953724,0
285,-107.875,47335.29688,9.0649840831757,0
286,-116.6875,47300.47459,6.3922275304794,0
287,-117.8125,47113.911660000005,8.034075230360001,0
288,-118.75,47077.45432,9.153481900692,0
289,-115.375,46853.17647,8.8704035282135,0
290,-110.6875,46818.25,8.3781746327877,0
291,-111.0625,46668.57738,10.310873270035,0
292,-115.75,129460.4552,8.942603170871699,0
293,-116.875,46600.24649,9.964031010866199,0
294,-120.25,46575.03525,7.404122173786201,0
295,-117.0625,46564.01375,8.2282451987267,0
296,-120.4375,46426.93425,8.3594435155392,0
297,-117.625,46324.631910000004,9.715567111969,0
298,-116.875,46316.5315,8.067281216383,0
299,-117.4375,46312.220760000004,8.8226661682129,0
300,-114.4375,46268.08256,9.6122116446495,0
301,-115.375,46192.066810000004,9.150105535984,0
302,-118.75,46073.12273,8.5842884778976,0
303,-110.6875,46027.95652,10.230401396751,0
304,-116.6875,45964.57143,9.8632524013519,0
305,-115.75,45931.593,8.4914311766624,0
306,-110.6875,45910.56267,9.3193958997726,0
307,-118.75,45853.20447,8.755334228277201,0
308,-118.0,45805.97081,8.6180555820465,0
309,-115.9375,45786.46377,8.420641511678701,0
310,-119.875,45732.061610000004,9.326311945915199,0
311,-107.6875,45644.8755,8.4299082159996,0
312,-115.1875,45604.00231,8.5484904050827,0
313,-118.5625,45595.0869,9.3293405473232,0
314,-116.875,45489.7151,8.953717648983,0
315,-115.75,45473.391789999994,7.7034683823586,0
316,-117.0625,45381.09869,8.8939031362534,0
317,-110.3125,45298.63711,8.958347529172901,0
318,-101.6875,45245.3,9.4960274100304,0
319,-110.3125,45157.157510000005,9.9186605215073,0
320,-118.75,45038.64622,10.599689006805,0
321,-115.1875,44937.5,8.830845743417699,0
322,-103.5625,44839.08173,9.3270186781883,0
323,-111.25,44820.06252,10.83973222971,0
324,-115.1875,44593.420210000004,10.390113532543,0
325,-116.875,44586.394660000005,10.159137666225,0
326,-117.625,44510.128339999996,8.3258271515369,0
327,-112.9375,44475.80041,9.459560453891699,0
328,-117.25,44450.612460000004,8.8628997504711,0
329,-112.1875,44375.08571,8.0902713835239,0
330,-111.8125,44375.08571,7.3638169169426,0
331,-98.5,44310.10789,10.083572089672,0
332,-113.3125,44259.13405,10.06100744009,0
333,-115.75,44247.1497,8.8396932184696,0
334,-118.1875,44235.80541,8.5411297678947,0
335,-117.4375,44229.254539999994,9.3791171312332,0
336,-115.9375,44228.30197,9.6783244609833,0
337,-115.9375,44160.76603,7.467586696147901,0
338,-115.9375,44155.832630000004,8.0760777294636,0
339,-109.1875,44143.34912,9.0194134712219,0
340,-115.9375,44115.618910000005,9.600239634513901,0
341,-111.25,44046.94354,9.031312346458401,0
342,-117.625,44046.67293,10.993505716324,0
343,-116.875,44028.49332,8.9285796880722,0
344,-114.625,43950.5421,9.5700243115425,0
345,-116.6875,43806.28649,8.254610657692,0
346,-116.125,43780.316360000004,8.2685579955578,0
347,-119.6875,43760.79734,7.588264256715799,0
348,-118.75,43719.18841,10.51088476181,0
349,-112.9375,43697.298630000005,10.824750900269,0
350,-116.125,43693.79474,7.569091707467999,0
351,-116.6875,43634.97852,8.2884075641632,0
352,-115.1875,43592.29396,8.9874220490456,0
353,-110.875,43585.3021,9.53397372365,0
354,-108.8125,43529.36248,8.6371240019798,0
355,-117.4375,43293.9927,8.1572020053864,0
356,-116.5,43225.25344,7.5980426967144,0
357,-116.3125,43167.722219999996,8.3041458725929,0
358,-113.3125,43161.8048,8.824507743120199,0
359,-116.125,43141.4712,9.749033212661699,0
360,-118.0,43115.98124,9.2078737616539,0
361,-115.5625,43006.10985,9.5234384536743,0
362,-116.6875,42991.233889999996,9.052089512348198,0
363,-115.5625,42989.042219999996,7.8180531263351,0
364,-117.25,42987.49775,6.9648137092589995,0
365,-114.25,42956.2223,9.6126972436905,0
366,-118.9375,42737.340130000004,9.261526316404302,0
367,-117.0625,42709.69482,8.7917227745056,0
368,-116.5,42698.720539999995,7.323874056339299,0
369,-114.8125,42697.25581,7.8402845859528,0
370,-113.875,42697.25581,7.7186418473720995,0
371,-117.0625,42697.25581,8.0372140705585,0
372,-111.625,42697.25581,8.333169758319901,0
373,-116.3125,42565.30052,7.580711454153099,0
374,-117.4375,42387.80743,8.3427143394947,0
375,-118.1875,42346.79765,7.2315701544285,0
376,-118.5625,42339.50962,8.0229419469833,0
377,-120.4375,42311.48,8.5492675900459,0
378,-118.1875,42238.44963,7.6574228405952,0
379,-114.0625,42184.03727,9.2722733616829,0
380,-115.9375,42147.09565,7.3595617711544,0
381,-116.3125,42058.94118,8.571579694747902,0
382,-118.5625,42031.25329,8.1165135502815,0
383,-116.125,42028.89431,9.653178811073301,0
384,-116.3125,42020.17886,10.530390441418,0
385,-109.75,42003.496080000004,8.9347170591354,0
386,-121.0,41877.71386,7.411229699850099,0
387,-118.75,41841.81818,9.037424564361599,0
388,-110.5,41743.518189999995,8.9595317840576,0
389,-115.75,41682.57521,9.2257678806782,0
390,-107.3125,41511.12771,8.6638286113739,0
391,-116.125,41486.24804,8.6528183817863,0
392,-113.125,41464.50909,9.598904907703401,0
393,-118.9375,41405.472160000005,9.6918780207634,0
394,-113.125,41389.04395,10.507887631655,0
395,-115.0,41348.905589999995,7.8047805130482,0
396,-118.375,41333.87706,9.3412170410156,0
397,-114.0625,41269.32018,8.2460508048534,0
398,-114.8125,41269.32018,7.9762909114361,0
399,-117.0625,41250.469489999996,7.9345535337925,0
400,-116.125,41237.05801,8.2061079144478,0
401,-113.125,41184.80981,7.597207278013201,0
402,-115.5625,41158.79687,8.7408356666565,0
403,-114.25,41073.297739999995,8.608525931835201,0
404,-116.875,41058.33904,7.8920257687569,0
405,-115.375,40906.33816,9.0122631192207,0
406,-118.0,40879.98276,5.5,0
407,-116.3125,40775.42085,7.8247597515583,0
408,-116.125,40675.60417,7.8625280857085995,0
409,-117.4375,40660.89007,8.960341125726698,0
410,-107.6875,40620.56795,9.5747509300709,0
411,-115.0,40569.88637,8.0952373743057,0
412,-114.625,40501.26316,9.105549514293699,0
413,-115.5625,40361.82879,8.9535313248634,0
414,-116.6875,40306.801210000005,9.0531923174858,0
415,-118.0,40294.862030000004,9.9392561912537,0
416,-116.5,40219.71262,8.0721707344055,0
417,-116.875,40091.44998,9.137952327728302,0
418,-116.875,40024.93372,10.413665533066,0
419,-114.0625,40004.07685,9.5137495994568,0
420,-112.1875,39920.025519999996,8.1823494136333,0
421,-114.4375,39914.81328,7.258453935384799,0
422,-115.5625,39815.289730000004,8.436835587024701,0
423,-105.625,136283.0333,8.5792493224144,0
424,-112.5625,39700.10477,4.0703296661377,0
425,-115.0,39661.69978,8.184467852115601,0
426,-118.5625,39551.50568,7.4656390547752,0
427,-115.5625,39410.8227,9.407367855310401,0
428,-110.5,39407.355910000006,8.1958379149437,0
429,-111.8125,39394.33305,9.1935772299767,0
430,-113.6875,39324.75363,9.3097882270813,0
431,-117.25,39295.73333,9.7170206606388,0
432,-119.125,39295.73333,8.547259658575099,0
433,-116.3125,39248.4155,7.7022202014923,0
434,-114.0625,39227.216589999996,9.4684336185455,0
435,-119.5,39176.45217,8.608995705843,0
436,-115.375,39154.47843,8.538422167301201,0
437,-110.3125,39153.36235,8.998087942600199,0
438,-118.9375,39117.31855,8.5159264802933,0
439,-116.6875,39083.800760000006,8.8471827208996,0
440,-117.25,39023.29368,8.294532934824598,0
441,-109.5625,39008.29176,6.870743542909599,0
442,-121.0,39002.55814,8.901829808950401,0
443,-112.9375,38988.08333,10.0480209589,0
444,-118.5625,38981.531039999994,7.321337044239,0
445,-117.625,38948.92279,8.7899857163429,0
446,-113.3125,38928.20416,9.7336292266846,0
447,-117.625,38928.0665,8.8926558792591,0
448,-120.625,38920.080780000004,5.7796875238419005,0
449,-116.3125,38913.073730000004,8.9911834001541,0
450,-113.3125,38898.56494,9.3982212841511,0
451,-119.7,38846.474539999996,4.9097238779068,0
452,-118.0,38839.04875,7.5661960244179,0
453,-111.8125,38797.80645,8.9522114098072,0
454,-111.625,38779.013680000004,9.5628222823143,0
455,-118.5625,38760.04643,6.876371800899499,0
456,-118.5625,38721.40101,7.819461613893501,0
457,-117.0625,38712.688780000004,8.7348361909389,0
458,-112.375,38708.88571,8.413166671991299,0
459,-115.0,38708.31884,8.208858281374,0
460,-112.0,38703.09231,9.520840883255,0
461,-119.125,38690.79563,9.6076406240463,0
462,-116.125,38661.11916,7.9097138047218,0
463,-116.5,38626.227960000004,7.603558063507099,0
464,-110.3125,38583.812139999995,10.159711956978,0
465,-119.3125,38574.81811,9.760658800602,0
466,-111.25,38553.7201,8.282902300357799,0
467,-115.9375,38530.75898,8.6969904005527,0
468,-114.8125,38472.983360000006,8.9910518527031,0
469,-112.375,38472.3869,7.9958773851395,0
470,-106.75,38467.37311,10.918748378754001,0
471,-115.1875,38451.84658,7.915843129158,0
472,-114.4375,38404.36058,9.2575445473194,0
473,-118.0,38382.36417,7.4297151267529,0
474,-119.5,38382.36417,6.9920433163643,0
475,-115.5625,38381.70596,9.526741981506301,0
476,-115.75,137683.5909,8.574341922998402,0
477,-116.6875,38368.42758,10.143413126469001,0
478,-114.4375,38346.20165,7.8027528822422,0
479,-115.1875,38159.7,8.786746174097098,0
480,-117.625,38116.78056,6.1673812568188,0
481,-111.4375,38116.53099,9.675347745418499,0
482,-117.0625,38076.11662,8.266442656517,0
483,-117.25,38065.47271,9.3433194756508,0
484,-118.1875,38022.56958,7.3217369914055,0
485,-115.375,37920.03512,8.8879955410957,0
486,-119.5,37880.7309,6.6084518134594,0
487,-121.1875,37871.5785,8.2692798674107,0
488,-112.375,37541.77885,7.239637196064,0
489,-116.6875,37534.23118,6.9599221050739,0
490,-115.0,37500.237219999995,9.902204453945199,0
491,-112.75,37496.988410000005,8.230245351791401,0
492,-116.125,37470.10744,11.503538250922999,0
493,-114.625,37464.95231,9.1428323984146,0
494,-114.0625,37429.22658,10.149682879448001,0
495,-113.875,37374.75672,10.040121495724,0
496,-109.75,37321.13027,10.705705940723,0
497,-116.875,37313.55418,9.0011404156685,0
498,-115.375,37306.37992,8.3166244328022,0
499,-117.625,37236.058619999996,8.6030414104462,0
500,-118.375,37224.43956,8.9992492794991,0
501,-113.6875,37216.189889999994,9.01984167099,0
502,-116.6875,37186.47125,9.778515160083801,0
503,-119.5,37155.64278,6.5617682039738,0
504,-112.1875,37151.6625,10.912273406981999,0
505,-115.0,37120.83667,8.905326753854698,0
506,-112.75,37077.12672,8.603908002376599,0
507,-118.375,37044.84045,8.02086982131,0
508,-119.125,37016.99431,8.874581634998302,0
509,-118.0,37002.724839999995,7.628876924514801,0
510,-116.6875,36996.29369,8.6167629957199,0
511,-116.5,36995.811069999996,9.8715583483378,0
512,-101.6875,36837.75,9.058817446231801,0
513,-116.5,36827.00261,6.536202818155299,0
514,-115.9375,36807.25925,8.8855728805065,0
515,-118.9375,36688.83417,7.2987712919712004,0
516,-116.875,36607.9276,7.4032760858536,0
517,-116.3125,36607.19475,7.851397424936299,0
518,-114.625,36575.99194,9.3964537680149,0
519,-116.125,36519.8575,10.819691598415,0
520,-110.875,36496.27068,9.973193228244801,0
521,-106.5625,36486.76304,9.4467177987099,0
522,-110.3125,36474.78007,8.1179487109184,0
523,-115.0,36474.72797,9.664520919323,0
524,-116.3125,36417.40605,9.0135183930397,0
525,-118.9375,36385.28358,8.9277635514736,0
526,-113.875,36378.00393,9.2219181358814,0
527,-116.6875,36328.88783,9.3771003484726,0
528,-109.375,36324.864330000004,8.8358931839466,0
529,-104.3125,36312.95747,10.134935736655999,0
530,-113.6875,36307.46875,7.660174876451499,0
531,-114.0625,36270.97502,9.2822270691395,0
532,-117.4375,36265.02387,10.072351813315999,0
533,-112.9375,36248.98276,9.8249773979187,0
534,-119.5,36237.066530000004,8.852172791957901,0
535,-117.0625,36231.25486,8.8983065485954,0
536,-121.375,36223.04961,9.7484146952629,0
537,-116.125,36218.83761,9.8295576870441,0
538,-117.25,36212.71032,8.875753194093699,0
539,-118.5625,36199.73817,7.3099373877048,0
540,-116.875,36187.24777,8.8594654500484,0
541,-118.375,36186.55745,9.6356239318848,0
542,-110.3125,36184.089830000004,9.181625306606302,0
543,-119.3125,36170.63663,7.7777765393257,0
544,-115.0,36169.710080000004,10.133570194244,0
545,-118.9375,36123.56552,7.2564333379269,0
546,-120.0625,36103.20809,8.930157035589199,0
547,-118.9375,36057.609730000004,8.1475003361702,0
548,-119.875,36010.18775,11.623203694819999,0
549,-117.625,35993.28931,8.5786156952381,0
550,-118.1875,35980.30899,7.9895652830601005,0
551,-115.75,35976.087380000004,7.9005433320999,0
552,-117.4375,35924.34372,6.8675899803638,0
553,-116.875,35900.61708,7.5227533578873,0
554,-116.3125,35887.86393,7.9774030745029005,0
555,-115.375,35849.416,9.8179587721825,0
556,-115.75,35779.51413,8.7415725886822,0
557,-112.1875,35779.45714,9.2067582905293,0
558,-118.1875,35772.43495,8.6085100769997,0
559,-114.625,35734.33294,7.6943799257278,0
560,-117.625,140335.7218,7.314415931701701,0
561,-114.25,35660.53522,8.2841690778732,0
562,-117.25,35638.30239,8.7747153043747,0
563,-113.6875,35608.81263,8.3474977910519,0
564,-118.1875,35599.32427,7.1337839663029,0
565,-113.5,35597.633610000004,8.4959157705307,0
566,-119.875,35589.63388,7.4089947938919005,0
567,-117.625,35575.63506,8.5069799423218,0
568,-118.0,35568.571019999996,8.802644133567801,0
569,-114.4375,35555.54036,8.932078897953,0
570,-115.0,35518.96537,9.554201126098599,0
571,-119.3125,35514.15169,8.348604500293701,0
572,-117.0625,35502.25734,9.213458120822901,0
573,-110.875,35438.54958,9.6519503593445,0
574,-116.5,35434.604739999995,6.481515616178499,0
575,-117.4375,35349.412410000004,8.4169417321682,0
576,-115.9375,35337.45729,8.6803256571293,0
577,-115.1875,35318.23538,7.527706474065799,0
578,-115.5625,35317.14323,9.2300010323524,0
579,-113.6875,35212.505560000005,8.7885125875473,0
580,-115.75,35209.74545,9.8388420343399,0
581,-113.5,35138.5213,8.751267224550201,0
582,-120.8125,35117.07548,8.2509093284607,0
583,-117.4375,35115.419480000004,8.691103130579,0
584,-111.8125,35080.14082,8.943452179431901,0
585,-115.5625,35059.48288,7.8512181341647995,0
586,-115.75,35052.40728,8.870615214109401,0
587,-121.375,35014.47372,7.1586794257164,0
588,-117.0625,34989.59123,8.3605789542198,0
589,-109.375,34985.94853,9.6672405004501,0
590,-118.1875,34951.982410000004,9.5206928253174,0
591,-109.75,34934.08778,10.145795285702,0
592,-118.0,34929.78372,8.104068338871,0
593,-118.375,34922.402910000004,8.6207830607891,0
594,-120.25,34897.33662,7.824415892362599,0
595,-115.1875,34890.688460000005,8.3085804879665,0
596,-115.75,34866.87605,8.9854021668434,0
597,-114.625,34853.28433,7.3682164251804005,0
598,-113.125,34850.29762,9.2420316934586,0
599,-105.0625,34841.861560000005,9.8110591769218,0
600,-114.4375,34829.61858,9.8880416750908,0
601,-121.0,34807.031310000006,5.4864285826682995,0
602,-106.375,34777.60435,9.495686054229699,0
603,-119.5,34756.84417,6.784680779775,0
604,-117.4375,34697.85907,10.983424484730001,0
605,-108.8125,34653.37585,8.8697409033775,0
606,-120.4375,34614.64935,8.2629736959934,0
607,-119.5,34565.83363,9.0044168829918,0
608,-114.625,34521.33198,8.231224656105,0
609,-112.9375,34518.77074,8.720478385686901,0
610,-112.75,34391.19907,8.5234382748604,0
611,-113.875,34374.29004,8.4491057991981,0
612,-116.125,34287.674719999995,7.9405643641949,0
613,-117.625,34282.31909,8.185075044631999,0
614,-117.25,141810.3111,9.514107137918499,0
615,-103.9375,34184.96844,9.7198523283005,0
616,-114.625,141879.198,10.063037872314,0
617,-116.3125,34140.99189,9.582252979278598,0
618,-112.0,34133.08217,6.6666666666667,0
619,-108.625,34100.74888,9.699279963970199,0
620,-119.125,34097.85381,8.818977475166301,0
621,-113.3125,34090.57508,8.4520192742348,0
622,-109.0,34086.58355,9.647231459617599,0
623,-119.3125,34052.8168,8.736642837524402,0
624,-113.875,34050.9164,9.5109225511551,0
625,-121.1875,34021.505730000004,8.1048616468906,0
626,-107.5,34000.49495,8.773417502641701,0
627,-117.4375,33972.67595,9.0739539563656,0
628,-118.9375,33903.977380000004,7.6409114599228,0
629,-113.6875,33875.333060000004,8.9034190773964,0
630,-112.375,33854.366760000004,9.082101166248302,0
631,-118.0,33820.53848,8.891421109437902,0
632,-110.5,33789.139489999994,9.605653166770901,0
633,-108.25,33752.4237,9.070977628230999,0
634,-120.25,33727.78733,7.688734889030499,0
635,-118.9375,33721.39143,6.764945109685299,0
636,-117.4375,33654.093010000004,8.6000025570393,0
637,-114.625,33645.25905,9.3626616001129,0
638,-118.5625,33642.26858,7.327372997999199,0
639,-116.5,33589.36389,9.5928459167481,0
640,-119.3125,33588.13478,9.0830058455467,0
641,-116.3125,33559.440630000005,8.4923968613148,0
642,-118.1875,33534.10016,7.4010261297226,0
643,-114.625,142554.8353,8.2877805531025,0
644,-119.6875,33466.35022,7.0212565362453,0
645,-114.625,33451.41878,9.7894617915154,0
646,-118.9375,33442.301139999996,8.1347725093365,0
647,-119.5,33426.31937,7.8103113472462,0
648,-118.5625,33387.82228,9.9607209563255,0
649,-117.625,33377.79829,7.8926899135113,0
650,-112.0,33306.89365,9.258843243122099,0
651,-115.375,33305.98697,9.778141498565699,0
652,-111.4375,33271.02805,9.2063770294189,0
653,-116.875,33259.69467,7.5890138447285,0
654,-117.0625,33256.80373,10.832892477511999,0
655,-116.875,33251.73277,9.039448261260999,0
656,-118.9375,33236.852999999996,9.4331260621548,0
657,-112.75,33225.2897,9.588972806930501,0
658,-109.375,33188.49135,9.792635858058901,0
659,-114.625,33171.0447,8.43965908885,0
660,-119.3125,33168.57293,8.7813753783703,0
661,-119.3125,33156.20845,8.0446385443211,0
662,-116.875,33135.48884,5.9496066868305,0
663,-116.125,33117.35595,6.3679468631744,0
664,-113.5,33085.95215,8.021645933389701,0
665,-121.1875,33058.96133,8.7754426002502,0
666,-113.875,33046.96727,9.3844197690487,0
667,-116.3125,32926.53241,8.882617264986001,0
668,-121.1875,32926.340339999995,7.099753767252,0
669,-105.8125,32916.355410000004,9.1703101992607,0
670,-116.6875,32895.15524,9.1443930268288,0
671,-113.3125,32878.049,9.113242626190198,0
672,-115.75,32864.18956,8.8311653137207,0
673,-114.4375,32858.128,8.8373243808746,0
674,-115.9375,32785.70585,7.1645750105381,0
675,-115.1875,32774.99425,9.8129995465279,0
676,-115.5625,32767.008869999998,8.6500414609909,0
677,-119.3125,32738.538630000003,8.7872476279736,0
678,-108.625,32703.94059,8.4256787002087,0
679,-117.8125,32673.89588,8.0288645625114,0
680,-115.9375,32608.28788,7.051524668932,0
681,-116.875,32575.45967,9.428156852722198,0
682,-117.625,32575.39379,7.1832928359509,0
683,-116.3125,32571.948210000002,8.368749231100098,0
684,-115.375,143505.3232,8.6000421047211,0
685,-119.5,32546.146910000003,6.4724899828434,0
686,-118.5625,32524.76994,8.953733921051,0
687,-119.125,32448.047639999997,8.477210432291,0
688,-113.5,32438.52463,10.399541020393,0
689,-110.5,32436.79431,9.046056449413301,0
690,-115.75,32425.04913,9.216201484203301,0
691,-118.75,32414.534480000002,8.7424621582031,0
692,-119.6875,32269.70255,6.678370296955099,0
693,-119.5,32263.67152,7.6378797292709,0
694,-115.75,32260.15139,8.371413439512299,0
695,-119.0,32260.03317,5.706574344635,0
696,-115.75,32228.21632,7.994893223047299,0
697,-115.1875,32169.272419999998,8.408458888530701,0
698,-117.625,32160.72292,9.2820739746094,0
699,-113.125,143904.8138,10.395526945591,0
700,-118.375,32081.51483,6.8338620066643,0
701,-118.1875,32038.02855,8.1457160413265,0
702,-110.6875,32035.81685,8.056439340114599,0
703,-118.375,32004.341460000003,9.2104076147079,0
704,-115.375,31916.85792,8.8081149458885,0
705,-119.875,31902.891180000002,9.3071691989899,0
706,-114.0625,31862.107630000002,9.145634561777099,0
707,-116.3125,31857.295130000002,7.9345338344574,0
708,-115.375,31837.680160000004,9.9683267474175,0
709,-117.4375,31834.852039999998,9.7868110239506,0
710,-118.0,31805.95224,8.8679350316524,0
711,-108.4375,31749.465989999997,8.398110806942,0
712,-119.875,31729.17282,8.2312133014202,0
713,-119.875,31702.600539999996,9.5050988197327,0
714,-117.25,31698.299619999998,7.8233328461647,0
715,-118.9375,31625.988810000003,7.064458489418,0
716,-114.0625,31560.285710000004,8.2505528330803,0
717,-117.8125,31556.321560000004,7.5603922009468,0
718,-117.8125,31526.84652,8.9793151319027,0
719,-117.625,31458.69297,8.3666436374187,0
720,-113.125,31374.31003,8.4353600740433,0
721,-109.0,31365.375780000002,8.2352775931358,0
722,-114.8125,31362.33345,8.1195767819881,0
723,-117.625,31356.81795,7.7105943560600005,0
724,-115.9375,31328.965780000002,7.5205521583557,0
725,-113.3125,31314.49148,7.6080681085587,0
726,-110.6875,31314.19798,9.049182474613199,0
727,-109.75,31310.60237,9.9272487163544,0
728,-118.1875,31268.28948,6.5165518522263,0
729,-118.5625,31225.2023,8.8859171271324,0
730,-118.1875,31193.596360000003,9.285742044448801,0
731,-115.9375,31192.96365,9.4459782838821,0
732,-112.5625,31157.16869,9.807839810848199,0
733,-113.5,31124.96955,9.222932219505301,0
734,-118.9375,31111.001119999997,9.5015705227852,0
735,-117.25,31087.494010000002,9.027515858411801,0
736,-110.5,31054.520480000003,9.914548575878099,0
737,-115.9375,31050.97239,10.000237494707001,0
738,-118.5625,31024.35895,8.519319653511,0
739,-111.4375,31022.45588,9.1273674964905,0
740,-119.125,31019.446930000002,7.6735138595104,0
741,-114.25,30937.678669999998,9.313351213932,0
742,-119.125,30888.92917,8.1966859698296,0
743,-115.1875,30869.0246,8.795697599649401,0
744,-113.125,30861.62558,7.9810728728771,0
745,-119.5,30854.375539999997,8.4099290370941,0
746,-118.5625,30853.075660000002,9.8744279146194,0
747,-119.6875,30794.51131,6.6604369580746,0
748,-113.6875,30790.74693,10.180042237043,0
749,-116.875,30720.53918,8.4704753756523,0
750,-107.3125,30719.43757,10.011548697948001,0
751,-121.0,30672.761280000002,10.052536845207,0
752,-116.5,30667.05015,7.9191373288630995,0
753,-115.9375,30565.05882,8.3299462497234,0
754,-118.0,30559.26385,7.4861229658127,0
755,-116.6875,30553.351689999996,8.3469670712948,0
756,-115.75,30506.15155,8.5708426237106,0
757,-116.875,30502.22672,9.3454812765121,0
758,-110.875,30478.631830000002,9.553513735532801,0
759,-118.0,30451.407730000003,7.8176568746567,0
760,-113.3125,30385.969839999998,9.1971043944359,0
761,-112.9375,30357.72284,8.2037861943245,0
762,-116.5,30314.853539999996,9.214710652828199,0
763,-112.75,30312.62462,8.710461884737,0
764,-119.3125,30282.637860000003,8.3566544353962,0
765,-107.3125,30256.7385,9.2021242976189,0
766,-109.375,30239.53528,10.36734265089,0
767,-114.0625,30235.224239999996,7.476818054914499,0
768,-110.6875,30199.339069999998,7.7159013152122995,0
769,-117.8125,30196.088260000004,8.2270597815514,0
770,-112.75,30168.48588,8.8112699985504,0
771,-113.3125,30166.71296,8.7993039786816,0
772,-119.92857140000001,30160.04848,7.0,0
773,-116.5,30158.75325,9.5221785306931,0
774,-118.0,30158.75325,8.580591768026402,0
775,-117.25,30122.85707,6.8736218214035,0
776,-118.9375,30105.837730000003,9.139109313488,0
777,-115.9375,30103.6222,8.8707281947136,0
778,-116.6875,30092.80641,9.128136873245198,0
779,-109.0,30075.390160000003,9.2564342617989,0
780,-106.1875,30062.08293,10.242857575417,0
781,-117.25,30037.87525,6.948928296566,0
782,-118.1875,30032.0358,6.5028493702412,0
783,-112.0,29957.542019999997,8.858091235160801,0
784,-119.5,29927.63595,8.8714821338654,0
785,-118.0,29897.54446,7.2679105103016,0
786,-113.3125,29885.106330000002,8.5047410428524,0
787,-109.1875,29884.989039999997,10.662434697151001,0
788,-112.0,29869.24783,7.279930025339099,0
789,-112.5625,29853.23956,8.6273359358311,0
790,-105.25,29850.79687,9.608417987823499,0
791,-114.4375,29849.84395,7.7052870094776,0
792,-115.0,29846.2749,9.5933898687363,0
793,-110.3125,29784.6037,8.7805209457874,0
794,-111.4375,29774.71832,9.7780637145042,0
795,-112.75,29762.691560000003,9.689792394638099,0
796,-118.5625,29712.70488,7.4097822904587005,0
797,-114.4375,29705.700230000002,7.3395548760891,0
798,-115.1875,29658.71473,10.25176513195,0
799,-115.9375,29654.691789999997,8.780858606100098,0
800,-112.375,29554.206739999998,8.8083191514015,0
801,-112.0,29553.44057,8.2076740860939,0
802,-119.7727273,29537.038310000004,4.9643874698215,0
803,-116.125,29512.90842,9.552799940109301,0
804,-113.125,29506.481839999997,9.330731630325301,0
805,-118.0,29495.839819999997,8.2089787125587,0
806,-114.8125,29488.40252,9.015987873077401,0
807,-106.5625,29478.94696,8.1721820831299,0
808,-115.375,29441.877910000003,10.577422499657,0
809,-114.0625,29428.7075,8.0871830582619,0
810,-113.3125,29393.710860000003,8.9587455093861,0
811,-117.25,29387.90621,8.353282779455201,0
812,-115.0,29338.555060000002,9.4882043004036,0
813,-113.875,29338.555060000002,9.814061820507,0
814,-114.0625,29284.742860000002,8.5532177090645,0
815,-107.875,29249.21372,9.366346091032,0
816,-116.875,29174.93252,8.320300668478,0
817,-115.9375,29158.79476,7.7470028102398,0
818,-119.5,29137.398680000002,7.439727425575299,0
819,-118.9375,29136.71175,8.5212994217873,0
820,-114.0625,29125.660710000004,7.7594410479069005,0
821,-119.3125,29087.515730000003,8.5987162590027,0
822,-113.875,29084.99568,7.6860908567905,0
823,-111.8125,29074.83027,9.488138735294301,0
824,-117.4375,29072.204210000004,8.5246675908566,0
825,-118.9375,29071.225469999998,8.0399933159351,0
826,-112.75,29063.5277,8.171501159667999,0
827,-119.3125,29062.170169999998,7.689418733119999,0
828,-110.3125,29044.70563,9.5838906168938,0
829,-114.4375,29000.599039999997,7.2823857665061995,0
830,-113.3125,28997.526960000003,8.2711095809937,0
831,-117.25,28976.14771,6.9130074083805,0
832,-112.375,28957.538460000003,8.8200832903385,0
833,-113.875,28950.93743,9.781540632247902,0
834,-119.6875,28939.0945,8.5730762481689,0
835,-110.3125,28911.13495,9.397651374340098,0
836,-118.0,28910.68585,6.2840401392717,0
837,-114.4375,28907.714289999996,9.2248358130455,0
838,-115.375,28872.239830000002,6.9176461696625,0
839,-112.75,28871.400380000003,8.563723385334,0
840,-114.8125,28869.1578,6.993833899498,0
841,-112.5625,28851.609419999997,8.228777199983599,0
842,-120.25,28823.47714,5.3412408034007,0
843,-116.6875,28774.7784,6.967267602682099,0
844,-105.8125,28770.969439999997,8.3788685798645,0
845,-116.875,28715.379930000003,8.3459630310535,0
846,-121.375,28715.28325,8.502699226140999,0
847,-117.25,28692.18931,7.262931972742099,0
848,-116.6875,28684.101730000002,8.595047444105099,0
849,-112.75,28682.378539999998,9.7331926226616,0
850,-110.125,28669.29668,9.144850671291401,0
851,-103.9375,28656.38927,9.026758849620801,0
852,-116.3125,28636.645360000002,8.2016457915306,0
853,-112.375,28606.002439999997,8.5725265145302,0
854,-119.875,28537.97885,8.2115885019302,0
855,-112.375,28506.42444,8.5398308634758,0
856,-117.4375,28495.425260000004,7.305405914783501,0
857,-115.0,28482.99022,8.597660124301902,0
858,-115.9375,28449.216089999998,7.6061386466025995,0
859,-108.8125,28448.22605,9.528784811496699,0
860,-110.125,28431.60075,10.181340456009,0
861,-115.5625,28429.88622,8.9854406416416,0
862,-115.375,28405.231310000003,8.5241580605507,0
863,-111.8125,28402.9463,8.567453742027299,0
864,-108.8125,28383.76536,9.8854123353958,0
865,-114.4375,28369.82707,8.6409814357758,0
866,-114.8125,28287.75578,6.153168678283699,0
867,-116.6875,28275.00663,9.8424161672592,0
868,-115.0,28263.69317,7.960038870572999,0
869,-118.75,28259.81043,6.9684486985206995,0
870,-117.8125,28249.6252,8.172906517982499,0
871,-116.5,28232.299580000003,9.074147403240199,0
872,-116.3125,28228.201910000003,8.589227616787,0
873,-119.125,28219.78547,9.2901790142059,0
874,-118.5625,28211.34111,9.607219040393801,0
875,-110.875,28141.13343,8.8447577059269,0
876,-115.375,28124.82555,9.042774140834801,0
877,-115.75,28098.4702,8.843895614147199,0
878,-115.5625,28089.661710000004,9.0839861631393,0
879,-109.75,28089.49363,8.8560082316399,0
880,-102.625,28078.456980000003,9.9816657304764,0
881,-116.5,28056.73988,8.023376762867,0
882,-116.875,28047.688830000003,7.083078891038901,0
883,-115.0,28037.424010000002,8.3546013832092,0
884,-118.0,28032.00737,8.267314434051501,0
885,-114.625,28028.94232,9.019198417663599,0
886,-108.25,28013.19681,8.882390022277802,0
887,-114.4375,28010.81759,9.0914359092712,0
888,-116.6875,28006.918980000002,6.812902301549901,0
889,-117.0625,28000.379060000003,8.966484844684599,0
890,-114.4375,27984.58333,9.7774438858032,0
891,-117.625,27981.827080000003,9.1403798758984,0
892,-113.125,27955.149889999997,8.6557904481888,0
893,-115.75,27950.3881,7.9842996299267,0
894,-118.75,27938.746580000003,8.000580966472599,0
895,-116.875,27935.553589999996,7.159371435642201,0
896,-116.875,27923.91008,8.913342654705,0
897,-116.5,27912.96775,6.487888991832699,0
898,-115.1875,27887.84507,8.0335323214531,0
899,-115.9375,27883.3901,7.3852473497391,0
900,-115.1875,27870.3597,8.247770309448201,0
901,-110.6875,27861.659560000004,9.2289357483387,0
902,-111.0625,27857.255339999996,8.8913431167603,0
903,-116.875,27855.9699,8.9176740646362,0
904,-110.5,27839.14105,7.8881292045116,0
905,-116.5,27835.201230000002,8.9480736851692,0
906,-116.125,27809.78098,9.188755899667699,0
907,-114.4375,27805.318880000003,8.018391579389599,0
908,-118.1875,27774.549489999998,7.6427065432072006,0
909,-114.4375,27768.93185,8.8718437552452,0
910,-113.875,27745.419439999998,7.928096324205401,0
911,-110.125,148338.6958,8.3676152825356,0
912,-110.5,27707.846439999998,10.538364112377,0
913,-115.5625,27689.93573,10.508811533451,0
914,-116.125,27672.37037,10.231578111649,0
915,-115.9375,27672.00149,9.3539824485779,0
916,-118.375,27656.91395,8.9305858612061,0
917,-112.1875,27637.02018,9.354846835136401,0
918,-118.375,27630.92589,8.4606462419033,0
919,-115.375,27619.966119999997,8.8484714627266,0
920,-119.125,27587.478260000004,9.295933604240401,0
921,-113.6875,27496.69872,8.586529076099401,0
922,-113.3125,27484.26123,7.396063387394,0
923,-118.1875,27467.61507,7.6258218288422,0
924,-116.3125,27455.0055,9.861088335514099,0
925,-116.125,27423.92025,8.5225347280502,0
926,-119.125,27409.592989999997,6.6283523440361,0
927,-114.8125,27397.946410000004,8.4605818092823,0
928,-112.9375,27375.09398,8.108707576990101,0
929,-118.0,27328.07437,7.8711144030094005,0
930,-118.0,27309.140239999997,8.0855568051338,0
931,-110.5,27306.52143,8.026279419660598,0
932,-116.6875,27303.58704,7.8492493033409,0
933,-115.75,27301.446289999996,7.927942425012599,0
934,-112.75,27290.588239999997,9.6103453040123,0
935,-109.1875,27280.0,8.892962783575099,0
936,-117.4375,27237.597910000004,8.4451582431793,0
937,-112.5625,27234.04231,9.2556989789009,0
938,-112.9375,27221.23403,7.900050103664401,0
939,-119.6875,27210.6814,8.6779448390007,0
940,-116.3125,27188.191539999996,8.5679313242435,0
941,-117.0625,27180.3806,8.080931365489999,0
942,-116.5,27142.069860000003,9.9394067525864,0
943,-115.375,27112.63195,8.945762157440198,0
944,-111.25,27095.54889,8.138791471719701,0
945,-115.375,27084.72165,9.1763888299465,0
946,-118.1875,27083.90955,9.1527790725231,0
947,-114.25,27081.81082,9.0656003952026,0
948,-116.125,27059.876210000002,9.497084915638,0
949,-112.75,27057.24613,9.931239068508098,0
950,-112.5625,27051.37372,8.443840652704202,0
951,-116.3125,27036.9039,7.6764481961727,0
952,-112.5625,27035.37245,9.201497872670501,0
953,-115.75,27032.302689999997,7.908403664827301,0
954,-114.0625,27023.6387,11.211021482944,0
955,-115.1875,26991.73985,8.6133914589882,0
956,-117.4375,26966.793810000003,9.195608943700801,0
957,-114.25,26954.28,9.3129060566425,0
958,-116.875,26924.33738,9.269658625125901,0
959,-116.875,26910.392069999998,6.6461997330189,0
960,-116.125,26909.5832,9.3658776283264,0
961,-118.9375,26884.90269,9.500411182641999,0
962,-118.0,26859.56235,8.808124870061901,0
963,-111.8125,26822.79411,8.7897194325924,0
964,-116.125,26804.75459,6.8197714686394,0
965,-118.0,26779.33739,5.3234619498253,0
966,-118.75,26760.225440000002,5.9590725302696,0
967,-113.3125,26757.91751,9.2619053423405,0
968,-114.25,26751.190580000002,7.7504107654095,0
969,-115.375,26733.311719999998,8.611111998558,0
970,-116.5,26677.17269,7.474999874830201,0
971,-115.5625,26671.60355,4.3407746186623,0
972,-112.9375,26658.38391,9.3166853785515,0
973,-114.0625,26629.52626,7.4192530810833,0
974,-118.5625,26620.46966,8.5677092373371,0
975,-116.125,26587.11448,7.4783530831337,0
976,-117.8125,26586.63404,8.0910862386227,0
977,-117.625,26572.96665,9.186684191227,0
978,-118.9375,26567.917569999998,7.7171569466591,0
979,-118.1875,26565.40427,8.137158036232,0
980,-112.375,26553.55305,8.893721252679802,0
981,-115.9375,26526.88657,8.831313341856001,0
982,-118.5625,26517.89179,9.5188778042793,0
983,-112.75,26511.02966,8.8418697416782,0
984,-117.25,26503.864719999998,7.479132980108299,0
985,-115.0,26463.62326,8.472101032733901,0
986,-118.5,26452.03245,5.5023809841701,0
987,-114.4375,26441.24485,9.2185989320278,0
988,-115.5625,26409.253240000002,7.7575682401657,0
989,-115.9375,26386.39783,7.0880233943462,0
990,-110.125,26376.1789,6.746696949005099,0
991,-115.75,26368.6956,8.1799961924553,0
992,-111.625,26364.85956,9.2246135473251,0
993,-111.4375,26362.96744,8.324930280447001,0
994,-118.9375,26362.94575,8.7132520973682,0
995,-116.6875,26357.18489,10.084026515484,0
996,-119.125,26346.17314,7.877276360988599,0
997,-111.8125,26320.66777,8.9548202157021,0
998,-110.125,26316.406619999998,8.4700265824795,0
999,-114.625,26303.37554,7.612757593393299,0
1000,-114.25,26285.892190000002,7.735344320535701,0
1001,-113.5,26280.93382,7.9926729202271,0
1002,-119.875,26276.9954,7.597983777523,0
1003,-115.375,26204.86046,8.8543280959129,0
1004,-114.25,26204.45543,8.7120980620384,0
1005,-112.75,26193.13652,11.272475481033,0
1006,-116.6875,26191.41071,9.2624315023422,0
1007,-119.125,26173.12249,8.537735611200299,0
1008,-115.1875,26172.38983,8.5715743005276,0
1009,-110.125,26171.26923,9.2892312407494,0
1010,-118.1875,26143.525830000002,6.7164729237556,0
1011,-118.75,26133.00154,7.773492038250001,0
1012,-117.625,26124.86137,8.864641189575199,0
1013,-108.625,26119.63375,9.2214902043343,0
1014,-118.9375,26102.6341,9.466674387454999,0
1015,-106.375,26101.26,9.2105465233326,0
1016,-115.0,26089.20296,9.0908683240414,0
1017,-114.625,26082.93552,8.8134381771088,0
1018,-114.625,26082.2488,9.4000627994537,0
1019,-114.0625,26072.45895,9.0746538043022,0
1020,-112.9375,26063.76815,9.3140293955803,0
1021,-116.875,26058.83657,7.636195272207299,0
1022,-119.125,26025.36812,7.832861751318001,0
1023,-115.0,26010.58723,9.0389547944069,0
1024,-116.6875,26009.024080000003,7.887757956981701,0
1025,-113.125,25996.173909999998,9.2763519883156,0
1026,-112.5625,25962.76444,9.466388463974,0
1027,-109.5625,25954.491280000002,9.141319453716301,0
1028,-116.125,25922.57855,9.2264229655266,0
1029,-118.75,25914.25389,8.022071212530099,0
1030,-114.25,25906.83367,8.8100920319557,0
1031,-116.125,25879.19545,7.6375873684883,0
1032,-115.5625,25868.53758,8.457925379276299,0
1033,-116.6875,25859.06161,7.967061787843701,0
1034,-116.5,25855.31656,8.8717825114727,0
1035,-119.3125,25852.53513,8.4990770816803,0
1036,-116.5,25848.76142,7.4533425271511,0
1037,-115.375,25847.42012,8.3711353838444,0
1038,-119.5,25827.89899,7.9817189872265,0
1039,-112.375,25801.75012,9.1740720868111,0
1040,-117.25,25793.091330000003,8.4862693846226,0
1041,-114.0625,25773.72119,9.015605568885801,0
1042,-116.125,25759.76351,8.7444292604923,0
1043,-117.4375,25722.25918,8.3006598353386,0
1044,-116.5,25720.8845,8.540400087833401,0
1045,-118.1875,25712.48421,8.4148512482643,0
1046,-112.5625,43666.06574,11.008233010769,1
1047,-109.75,10636.25834,9.959416747093199,1
1048,-113.125,1372.1840359999999,7.8472682535648,1
1049,-113.125,8296.405336,8.5352628827095,1
1050,-118.5625,21729.62441,8.811710983514802,1
1051,-111.0625,9538.270988,8.1790504157543,1
1052,-108.25,18158.34879,8.2562428116798,1
1053,-115.75,11180.01925,8.7271104753017,1
1054,-114.4375,29096.90705,9.4484453201294,1
1055,-114.8125,4687.596639,7.5343485474586,1
1056,-111.0625,12642.19048,8.2401019334793,1
1057,-116.5,5654.563325,7.791160613298401,1
1058,-111.4375,196.5667575,9.9550531506539,1
1059,-114.25,11814.53061,8.1603110432625,1
1060,-118.0,12212.20061,7.961961239576301,1
1061,-106.5625,5588.908622999999,9.181919276714302,1
1062,-119.125,42908.99049,8.3875449001789,1
1063,-113.125,8822.189120000001,9.5239372253418,1
1064,-118.75,11353.44622,7.9004863202572,1
1065,-113.6875,5853.63511,8.339884787797901,1
1066,-118.5625,39431.197089999994,9.1265462934971,1
1067,-112.1875,9833.919993000001,8.8637428581715,1
1068,-114.25,12033.02968,8.1878256201744,1
1069,-116.3125,14838.8046,8.140552431345,1
1070,-118.0,30347.94193,8.4656081199646,1
1071,-114.8125,4225.731828,8.2654092013836,1
1072,-116.6875,8825.778429,6.0718099474907,1
1073,-119.5,7262.057376999999,9.047952234744999,1
1074,-119.6875,8393.895301999999,7.9653962552547,1
1075,-114.625,13767.480619999998,7.6061361730099,1
1076,-115.1875,4482.8907420000005,9.651972413063,1
1077,-118.375,12535.10836,7.6180073022842,1
1078,-114.25,4465.101075,7.194122731685599,1
1079,-116.875,1428.663955,7.153308838605899,1
1080,-115.5625,4532.32805,8.4269869923592,1
1081,-117.8125,18548.92308,8.4637995064259,1
1082,-117.625,71381.72237999999,8.3101496398449,1
1083,-117.4375,19476.604040000002,7.657286435365701,1
1084,-106.9375,4557.626339,8.2338887155056,1
1085,-115.5625,10599.334270000001,8.704091668129,1
1086,-112.1875,44149.86598,8.5341900885105,1
1087,-112.75,9448.03742,8.349925339222,1
1088,-116.3125,14885.84314,6.9665830433369,1
1089,-114.625,29258.32927,9.6984651684761,1
1090,-115.75,4395.101473,7.5303691029549,1
1091,-119.5,15341.17772,6.9549555778503,1
1092,-116.125,19703.04535,8.813087284565,1
1093,-112.75,13958.98252,9.771123468875901,1
1094,-108.8125,16605.327830000002,9.5991585254669,1
1095,-117.4375,16512.51951,9.0984261631966,1
1096,-119.125,14783.485490000001,9.7980449199677,1
1097,-115.375,39985.08333,9.940668523311599,1
1098,-113.5,14210.991369999998,6.7804227471352005,1
1099,-115.0,2871.432098,7.656636685132999,1
1100,-108.0625,951.8484162999998,8.92395439744,1
1101,-121.5625,1520.2989029999999,8.716320335865001,1
1102,-114.625,25452.20306,7.604051977396,1
1103,-109.75,1705.364362,9.1840378046036,1
1104,-118.0,24756.461059999998,10.796320021152,1
1105,-116.3125,6354.753519,7.801255464553799,1
1106,-118.1875,21744.65077,7.6534077227116,1
1107,-116.125,4285.141383,5.9702709317207,1
1108,-117.4375,19060.63956,8.107108354568501,1
1109,-119.6875,29085.695,9.6540759801865,1
1110,-112.5625,1327.6785710000001,7.975889146328,1
1111,-111.8125,86055.82203,9.7303419113159,1
1112,-112.5625,9802.392156999998,7.877879053354301,1
1113,-119.875,12838.94327,8.6607135534286,1
1114,-118.1875,5147.519233,9.300563424825699,1
1115,-112.1875,71424.61667,9.4917998313904,1
1116,-116.125,2459.831572,8.0303414165974,1
1117,-113.6875,11750.7216,7.592380017042201,1
1118,-114.0625,11236.04234,8.902834832668301,1
1119,-119.875,0.0,7.4328061640262995,1
1120,-106.9375,6412.098444,8.2788359820843,1
1121,-118.1875,5740.189029,8.1303053796291,1
1122,-106.0,7708.341743999999,8.722278803587,1
1123,-116.5,4492.212248,6.1944444576899,1
1124,-117.25,32694.21162,8.6134723126888,1
1125,-118.5625,21952.57615,7.677131742238999,1
1126,-118.375,10529.45133,6.152609616518,1
1127,-119.5,3876.239121,7.074875742196999,1
1128,-116.5,23090.76475,8.3911485075951,1
1129,-118.75,65606.15922999999,8.979271888732901,1
1130,-116.125,41750.36006,8.9870420098305,1
1131,-119.3125,4261.213081,6.7651749253273,1
1132,-118.9375,9101.923454,6.374608963728,1
1133,-115.1875,10399.29898,8.2547177374363,1
1134,-115.9375,8531.499523,7.6626593470573,1
1135,-113.875,2444.41958,7.875846922397599,1
1136,-112.375,26810.01723,9.174456715583801,1
1137,-116.5,59637.311389999995,7.716547369957,1
1138,-112.1875,20997.42597,9.127143085002901,1
1139,-119.125,7452.93215,8.1928105354309,1
1140,-114.25,25844.76283,9.3527055382729,1
1141,-109.375,5761.276723,8.753868997097,1
1142,-116.125,1563.174299,6.4881906956434,1
1143,-115.9375,16107.27553,9.2490301728249,1
1144,-109.75,13681.17984,8.662912905216201,1
1145,-110.6875,11380.1161,8.8322992920876,1
1146,-118.75,13128.33333,7.3897743523121,1
1147,-119.125,79933.06776,8.084252029657401,1
1148,-120.625,18683.208590000002,9.3328514695168,1
1149,-110.125,13501.775590000001,11.090687274933,1
1150,-115.1875,32548.44847,8.3248777091503,1
1151,-112.9375,27917.623689999997,10.538772284985,1
1152,-117.8125,30560.79757,8.612817376852,1
1153,-118.375,11880.82015,7.4141807556152,1
1154,-116.3125,7692.392856999999,8.285473883152,1
1155,-109.0,30412.66613,8.5392696857452,1
1156,-112.75,6015.631395,8.6271404623985,1
1157,-116.125,10668.756220000001,8.3038361668587,1
1158,-119.125,6996.110229000001,7.153892874717701,1
1159,-117.8125,21083.77767,7.674130469560599,1
1160,-118.375,24879.27245,7.892249494791,1
1161,-112.1875,233.089444,11.343275785446,1
1162,-106.9375,4914.485047,9.443701207637801,1
1163,-113.875,14584.148140000001,6.8784474134445,1
1164,-117.25,6894.128438,8.4037531912327,1
1165,-114.25,484.5221089,8.3972878754139,1
1166,-113.875,5998.546428000001,9.7948894500733,1
1167,-118.375,992.1141683000001,8.629576325416599,1
1168,-118.375,1486.655516,7.1915330886841,1
1169,-102.8125,4274.485871,10.085734307766,1
1170,-114.625,2249.303922,9.398655980825401,1
1171,-117.25,1376.800493,8.3882096409798,1
1172,-113.875,13425.28755,9.3014145493507,1
1173,-119.5,59763.4933,8.0342632234097,1
1174,-118.75,15920.50394,7.5994156599045,1
1175,-121.75,24946.75111,7.489488244056701,1
1176,-119.3125,5784.398561999999,7.5245499014854005,1
1177,-115.0,104259.6554,9.0409427285194,1
1178,-112.75,189.76455159999998,8.145408689975701,1
1179,-114.8125,37590.66393,7.335926949977901,1
1180,-112.5625,23102.58647,8.834984123706802,1
1181,-114.4375,11776.12515,8.5386284887791,1
1182,-116.6875,11750.142609999999,8.733237951993901,1
1183,-114.4375,22599.364709999998,9.0129483938217,1
1184,-117.0625,15383.34638,8.0863658487797,1
1185,-113.6875,9713.324074,9.1518215835095,1
1186,-118.75,7584.254753,7.741301447153099,1
1187,-120.25,9059.921694,7.3591428995132,1
1188,-115.9375,8485.762652,8.0648145675659,1
1189,-112.9375,10052.85382,8.997488260269199,1
1190,-117.8125,539.5422036,8.3368777930737,1
1191,-119.5,7141.528419,7.4434685409069,1
1192,-120.4375,31126.701910000003,7.5354590415955,1
1193,-120.8125,9140.5078,8.083309531211901,1
1194,-112.75,17355.80029,8.0808527767658,1
1195,-117.0625,2212.7812940000003,6.7190169095993,1
1196,-114.0625,8627.463984999999,7.2612808048724995,1
1197,-119.125,10576.22177,7.051525741815599,1
1198,-112.5625,21272.91713,9.7239320278168,1
1199,-110.125,30756.094510000003,9.3071577548981,1
1200,-113.875,2080.3424170000003,8.842013835907,1
1201,-116.875,4240.893065,8.4385942518711,1
1202,-122.3125,2002.143475,7.9389020204544005,1
1203,-112.75,49276.78377,8.870840162038801,1
1204,-112.1875,1632.358974,9.872854709625198,1
1205,-118.5625,22049.43826,9.8332836031914,1
1206,-115.9375,1799.383097,7.7982882857323,1
1207,-118.5625,17876.95908,7.0653860569,1
1208,-113.875,16878.13694,7.514183491468401,1
1209,-114.8125,71008.17639,8.5823966562748,1
1210,-113.5,20090.08065,7.983538568019901,1
1211,-105.0625,9354.420114,8.0608786046505,1
1212,-119.3125,4293.64394,7.3210300207138,1
1213,-121.5625,13033.40873,7.4077371060848,1
1214,-117.8125,8528.522802,6.706620246172,1
1215,-112.5625,6499.257822,8.140678614378,1
1216,-119.6875,4323.621113,7.382694631814999,1
1217,-112.75,7030.823529,8.717333316803,1
1218,-118.0,22412.52645,9.0902634263039,1
1219,-116.3125,23290.80047,7.951737016439401,1
1220,-110.6875,0.0,8.05261901021,1
1221,-120.0625,67715.37163,8.140189737081501,1
1222,-120.8125,31319.911330000003,7.1674346029758,1
1223,-118.5625,6650.38743,9.554528623819301,1
1224,-113.6875,53035.7619,9.249432146549198,1
1225,-116.5,2025.388218,8.239290416240701,1
1226,-120.25,870.804266,7.810296058654799,1
1227,-106.0,1608.671715,7.8678682148457,1
1228,-118.9375,23962.920830000003,9.713218212127698,1
1229,-118.9375,20200.55774,7.025166541338001,1
1230,-120.25,46663.25474,7.9566082954407005,1
1231,-118.375,15874.010219999998,8.8298196395238,1
1232,-119.5,10897.22785,7.741045862436299,1
1233,-116.3125,1715.158171,7.146390825510001,1
1234,-119.125,3422.432881,7.4778938889503,1
1235,-119.3125,5561.699528,7.6494303941727,1
1236,-114.8125,34149.666260000005,8.609554648399401,1
1237,-114.4375,10185.3508,8.629030585289,1
1238,-118.0,19760.827230000003,6.4619785845280004,1
1239,-118.75,34048.05601,8.5310664474964,1
1240,-105.8125,3056.786005,8.680513054132499,1
1241,-115.9375,18824.23684,8.3684076666832,1
1242,-116.3125,1166.314079,7.4427491426468,1
1243,-112.75,146.4980545,10.092334151268,1
1244,-110.875,4419.995744,7.3216329813004,1
1245,-119.125,1411.850845,7.758089095354099,1
1246,-115.1875,7028.471737999999,8.7291851639748,1
1247,-120.625,2130.9610000000002,6.3436717540025995,1
1248,-119.125,28491.37777,7.6692645549774,1
1249,-117.0625,1114.3288710000002,9.367811828851698,1
1250,-118.9375,9280.709341,7.7630848288536,1
1251,-106.75,1592.988764,8.5296617150307,1
1252,-118.5625,3555.917404,10.03109806776,1
1253,-115.9375,24788.18117,7.2757940888405,1
1254,-112.375,7253.404762,8.7599596381187,1
1255,-112.5625,14885.84314,8.315139055252098,1
1256,-112.1875,2955.364486,8.4047946631908,1
1257,-117.4375,14302.656930000001,7.7181656658649,1
1258,-111.25,6255.725697999999,8.3807118237019,1
1259,-116.5,1947.0517730000001,6.9486637115479,1
1260,-118.75,43195.852719999995,7.646153658628499,1
1261,-119.5,14136.315330000001,6.979415923357,1
1262,-113.5,88.82136079,9.157732129097,1
1263,-117.4375,24733.87765,8.3896009624004,1
1264,-112.5625,5698.666667,8.6501452028751,1
1265,-119.6875,1191.05845,9.3600073456764,1
1266,-120.625,4599.548259,7.1624860167503,1
1267,-114.4375,15461.904830000001,8.2702407538891,1
1268,-119.3125,5983.025938000001,6.9933681488037,1
1269,-113.125,2123.6067789999997,8.6284359097481,1
1270,-116.3125,9248.969485,9.6575649380684,1
1271,-116.875,29874.5269,8.2270268797874,1
1272,-119.5,21313.22408,6.9073857665061995,1
1273,-118.375,14704.25504,7.8879239559174,1
1274,-119.125,10921.39123,8.7749733030796,1
1275,-117.0625,6183.259129,8.8822930157185,1
1276,-117.625,3402.8767880000005,8.4433077275753,1
1277,-112.75,24384.11117,9.28493309021,1
1278,-118.375,22631.50057,8.815899729728699,1
1279,-116.875,36338.32166,7.6911911964417,1
1280,-116.125,6672.905321,8.6136204302311,1
1281,-115.75,5517.129849,7.730902045965201,1
1282,-116.5,5854.605929,7.991205573082,1
1283,-111.25,26753.26085,9.6677234172821,1
1284,-107.5,2846.795699,7.9186869263649,1
1285,-116.5,95394.86276,8.2228235304356,1
1286,-113.5,803.4372881,9.906981050968199,1
1287,-119.6875,34906.96599,7.6608965098857995,1
1288,-112.5625,19554.41905,9.3449441194534,1
1289,-115.9375,38033.53456,8.3963970243931,1
1290,-111.8125,9842.722479,9.589488863945,1
1291,-114.8125,38779.39431,7.8266943693161,1
1292,-121.0,19258.73472,6.715324014425301,1
1293,-118.9375,3423.821457,4.8900000095367,1
1294,-122.5,23660.426919999998,8.2638983726501,1
1295,-115.75,7263.3853659999995,8.3846299052238,1
1296,-108.4375,31305.57387,10.082320988178001,1
1297,-115.375,32233.52425,9.311134815216098,1
1298,-120.625,10459.15606,8.9997692704201,1
1299,-111.0625,35246.32627,9.359232068061802,1
1300,-113.3125,9580.293943,9.320944994688,1
1301,-116.875,7783.298951000001,6.8994845151901,1
1302,-120.625,3557.0855770000003,6.9909895658493,1
1303,-117.625,15642.935,8.7189736068249,1
1304,-115.5625,24855.84871,9.1632993817329,1
1305,-118.375,4984.424328,8.061675339937201,1
1306,-118.75,4554.239528,7.9423521161079,1
1307,-112.9375,12313.90098,9.8060921430588,1
1308,-118.0,11395.54833,7.482640206813801,1
1309,-116.5,952.0165437999999,7.4390396773815,1
1310,-114.8125,44894.21062,9.3207057118416,1
1311,-115.375,9620.477466,9.0551784038544,1
1312,-116.6875,39731.27786,9.4725503921509,1
1313,-105.625,1089.004208,8.9491689801216,1
1314,-113.5,12399.3404,7.9149176180363,1
1315,-118.1875,5136.643314,10.021330922841999,1
1316,-106.0,6023.547347,8.5696552693844,1
1317,-115.5625,11686.67462,8.3336914181709,1
1318,-113.875,28164.80343,8.2902624905109,1
1319,-119.3125,24602.27444,9.1965750455856,1
1320,-115.1875,8870.677623,8.3706828951836,1
1321,-118.375,4633.150806000001,10.213407456875,1
1322,-116.125,16240.39024,9.168617606163,1
1323,-115.9375,2915.366173,8.3306038379669,1
1324,-115.1875,17880.247040000002,9.6097776889801,1
1325,-112.9375,2752.103675,8.418627887964199,1
1326,-117.4375,6329.481318,7.4763100147247,1
1327,-116.6875,89549.47477999999,8.1926172375679,1
1328,-115.1875,7039.2932,6.780253738164901,1
1329,-110.125,2955.364486,9.198641240596801,1
1330,-115.75,41276.13929,8.9840461313724,1
1331,-118.75,22636.42907,7.5365695357323,1
1332,-114.8125,25380.42663,7.326056808233299,1
1333,-116.875,1868.5749670000002,7.8462719321250995,1
1334,-117.25,31283.740319999997,9.7594007253647,1
1335,-110.5,19164.22485,8.311106979847,1
1336,-119.3125,3059.745373,8.0212599337101,1
1337,-115.75,2184.177778,7.863044381141701,1
1338,-119.3125,4862.364366,7.588612675666799,1
1339,-119.5,8736.330931999999,7.9061003923416,1
1340,-120.625,18314.6428,9.5314538478851,1
1341,-119.125,1114.185219,6.8161646425724,1
1342,-116.5,64738.878970000005,9.1785862445831,1
1343,-116.125,21436.46847,9.0000115036964,1
1344,-119.125,1894.9324149999998,8.026605427265201,1
1345,-115.9375,13369.14286,10.073537886143,1
1346,-118.375,3932.2530619999998,11.210884332657,1
1347,-108.4375,7205.027574,9.784378647804301,1
1348,-118.0,17961.09025,8.2658611536026,1
1349,-119.3125,20294.2516,9.179805994033801,1
1350,-119.6875,26891.97576,7.4803021848202,1
1351,-120.4375,8066.854194,8.0357976853848,1
1352,-105.625,14119.61075,8.5639260709286,1
1353,-109.1875,8119.6105290000005,7.9869087636471,1
1354,-115.0,11695.57255,8.1409942805767,1
1355,-109.9375,184833.625,9.0148676633835,1
1356,-115.5625,21357.4673,8.1984906494617,1
1357,-113.875,23233.578859999998,8.3441714644432,1
1358,-113.3125,6135.501393,10.235328733921,1
1359,-115.1875,5553.526765,7.2829059362412,1
1360,-118.1875,9076.321662,6.9784601032734,1
1361,-112.5625,24072.17325,8.378759086132,1
1362,-115.9375,147022.381,9.531281888485001,1
1363,-118.5625,3565.952,7.8776231110096,1
1364,-119.875,51078.20218,9.362681329250302,1
1365,-111.4375,45596.06219,10.337722599506,1
1366,-114.8125,4252.484663,7.068834185600299,1
1367,-118.1875,6934.950565000001,7.2383218705654,1
1368,-116.3125,5273.744768,7.6225359141827,1
1369,-117.25,37809.29139,9.8331425189972,1
1370,-111.25,10136.45187,8.2305391430855,1
1371,-112.375,6476.000689,9.4351281821728,1
1372,-118.1875,5362.336636999999,9.8630477488041,1
1373,-114.625,2285.09828,7.776382297277401,1
1374,-115.375,15869.9883,8.8916902244091,1
1375,-117.0625,4976.387172,7.379196882247901,1
1376,-112.1875,17745.912930000002,8.1225160956383,1
1377,-116.875,10658.38235,8.4156581759453,1
1378,-111.4375,4949.486583,7.4469325244427,1
1379,-118.1875,22024.7469,7.423959493637099,1
1380,-109.1875,27534.33544,10.429500460625,1
1381,-120.8125,29465.37547,7.805488795042,1
1382,-118.1875,31551.62353,8.980922996997801,1
1383,-120.4375,3735.7543509999996,6.2647309303284,1
1384,-110.125,3933.239296,8.9673715531826,1
1385,-114.4375,1239.866595,8.0663395822048,1
1386,-118.9375,2625.253688,7.048576563596701,1
1387,-115.375,601.9804497,8.3938025534153,1
1388,-120.625,29301.92725,8.1008458435535,1
1389,-119.125,4084.559765,7.367036730051,1
1390,-109.5625,10153.98573,7.5739502608775995,1
1391,-112.375,14289.44617,7.7354540228844,1
1392,-113.3125,23753.2006,9.752590894699098,1
1393,-112.5625,4962.7241380000005,8.7341812551022,1
1394,-116.125,4697.914937,8.613940387964199,1
1395,-114.4375,1133.676425,8.890025079250302,1
1396,-114.4375,8452.07377,7.559461086988501,1
1397,-118.0,26925.303139999996,8.5431011021137,1
1398,-116.5,4730.834033,7.055607199668901,1
1399,-119.5,1265.352421,8.0164805650711,1
1400,-119.6875,7295.036372,7.0282409191132,1
1401,-117.8125,15562.467509999999,8.6229282021523,1
1402,-112.5625,10326.922270000001,8.5198500752449,1
1403,-118.5625,7554.2634069999995,5.134613364934901,1
1404,-116.6875,2946.611494,8.2088221907616,1
1405,-117.0625,1567.950861,7.4754475355148,1
1406,-118.1875,29053.21747,7.912513732910201,1
1407,-119.5,23216.603730000003,6.8249222040176,1
1408,-116.875,1069.04153,8.5905584096909,1
1409,-117.625,8016.257186,7.1324057877064,1
1410,-119.5,22903.832140000002,7.469579398632,1
1411,-116.6875,7232.417621,5.846255153417599,1
1412,-117.0625,12319.68096,8.432296693325,1
1413,-119.6875,10714.79737,7.498241245746599,1
1414,-118.375,10161.51693,7.9484877586364995,1
1415,-115.0,22759.90702,8.182875186204901,1
1416,-117.25,9221.000294,8.6647834181786,1
1417,-109.9375,14027.024119999998,7.1485309898853,1
1418,-115.1875,4174.175238000001,7.644291371107099,1
1419,-116.6875,23937.95358,8.415540307760201,1
1420,-113.3125,7487.358219,10.112669587135,1
1421,-119.3125,47181.566810000004,10.765716195107,1
1422,-118.75,319.18890239999996,8.4452410936356,1
1423,-119.5,11199.510890000001,8.876945734024,1
1424,-113.875,6793.103448000001,7.927708953619,1
1425,-119.125,15825.385859999999,7.533616632223099,1
1426,-115.1875,1083.230769,8.2585495710373,1
1427,-117.0625,23370.95639,7.0179202258587,1
1428,-99.0625,1321.591063,8.8231208324432,1
1429,-106.0,0.0,9.9742794036865,1
1430,-108.625,17518.72101,8.6201560497284,1
1431,-117.25,4465.101075,8.2020118236542,1
1432,-115.75,12507.505879999999,8.6107126772404,1
1433,-119.3125,2751.268036,6.9904175698757,1
1434,-119.125,2020.3714289999998,7.535817593336099,1
1435,-111.625,2231.656172,10.060836493969001,1
1436,-111.625,10443.87994,7.8225111067295,1
1437,-118.1875,22396.80535,6.9357453286648,1
1438,-118.1875,3908.778743,7.243289142847099,1
1439,-108.0625,14867.054409999999,8.305610477924299,1
1440,-116.875,2210.201964,8.3479871451855,1
1441,-117.25,1499.861616,7.915205836296099,1
1442,-116.3125,7042.8934469999995,7.586828678846401,1
1443,-117.8125,28587.389610000002,9.091443538665802,1
1444,-112.75,524.3679131,8.2444853484631,1
1445,-113.3125,28646.908260000004,8.0626863241196,1
1446,-113.5,3612.445493,7.2985757291316995,1
1447,-110.125,31792.9931,9.017546415328999,1
1448,-118.0,8447.367292,8.106490641832401,1
1449,-115.5625,4674.188948,8.0752700269222,1
1450,-119.3125,5221.4070090000005,7.3028678894042995,1
1451,-111.4375,558.8886873,9.271445333957699,1
1452,-119.3125,14548.444819999999,7.0819654762745,1
1453,-118.0,12641.747229999999,8.1811722815037,1
1454,-118.5625,43719.18841,7.3628948032856,1
1455,-101.875,193.5630303,9.8857470750809,1
1456,-114.625,8288.628531,9.560523211956001,1
1457,-117.4375,26859.62182,8.6285030841827,1
1458,-109.0,6742.905514,9.8355275392532,1
1459,-114.625,12697.016029999999,8.4968218505383,1
1460,-117.8125,25551.38752,8.2994394004345,1
1461,-120.625,9802.813648000001,9.7892881035805,1
1462,-119.3125,15325.3253,7.7800768613815,1
1463,-116.875,2569.4961120000003,8.771381199359901,1
1464,-111.25,29237.62755,8.5621021986008,1
1465,-117.4375,44980.00621,8.8748224377632,1
1466,-114.8125,65318.635760000005,9.509001314639999,1
1467,-111.25,7157.952023999999,10.60139015317,1
1468,-118.5625,9889.046271,7.579803377389901,1
1469,-118.9375,3738.227226,6.4142841398716,1
1470,-117.0625,25705.70865,7.3468936383724,1
1471,-114.25,34046.47393,8.0974206924438,1
1472,-117.8125,18846.50364,7.2227940559387,1
1473,-118.375,7008.778808,7.4053829312325,1
1474,-112.375,10674.823209999999,9.227235555648802,1
1475,-114.8125,10805.64844,9.3480353057384,1
1476,-113.6875,5289.4415579999995,8.2089503407478,1
1477,-118.75,22842.47227,8.5849577784538,1
1478,-106.5625,13248.66326,10.610927641392,1
1479,-118.375,2806.521732,7.8488653302193,1
1480,-113.3125,9128.657351,8.0940602123737,1
1481,-119.6875,3043.6921239999997,8.020925045013401,1
1482,-117.25,33085.313239999996,7.547408491373099,1
1483,-116.125,37620.984339999995,7.6347389817238,1
1484,-118.1875,9991.819012,8.2204462885857,1
1485,-120.0625,7075.304348000001,7.8802742958069,1
1486,-119.5,53300.51958,6.8169113099575,1
1487,-113.3125,10533.151090000001,7.7836807072163,1
1488,-115.1875,4042.3573810000003,8.0140486657619,1
1489,-110.6875,16712.84288,8.9468099176884,1
1490,-109.375,40359.991519999996,10.308954298496,1
1491,-118.9375,16660.84232,9.0196956694126,1
1492,-118.375,8300.863173,7.7763740718365,1
1493,-118.9375,9052.022038,7.4267010390759,1
1494,-113.125,724.4261427,8.5638462305069,1
1495,-116.3125,12759.69796,7.8035874068737,1
1496,-113.5,24235.99287,9.1514685750008,1
1497,-117.25,12710.5246,7.794468998909,1
1498,-116.3125,18142.19936,8.6771233677864,1
1499,-119.6875,101.9107856,7.393116980791099,1
1500,-113.5,21597.11804,9.659191906452198,1
1501,-112.1875,25921.47289,9.560836970806099,1
1502,-119.6875,6207.477124,7.880714058875999,1
1503,-115.5625,13240.85294,8.4993167221546,1
1504,-118.375,13715.34465,9.0279682576656,1
1505,-119.125,7176.438690000001,6.8320420086384,1
1506,-113.5,30400.90503,7.0345112681389,1
1507,-114.25,149100.1519,9.2204986810684,1
1508,-119.3125,3183.002946,6.4276230037212,1
1509,-112.9375,0.0,8.2067393958569,1
1510,-118.1875,43511.181,7.1865365207195,1
1511,-118.375,50432.20345,9.240376889705699,1
1512,-111.625,13338.038340000001,8.1707049310207,1
1513,-115.375,13397.11757,7.507615834474599,1
1514,-119.125,26344.793830000002,8.1003516316414,1
1515,-113.3125,19060.47884,8.847533285617802,1
1516,-116.5,43600.00635,9.670367002487199,1
1517,-112.0,35287.75819,8.6091474294662,1
1518,-116.125,6648.371457,7.710391938686401,1
1519,-112.9375,71986.60169,8.339200019836401,1
1520,-119.6875,22350.53907,7.22611784935,1
1521,-120.4375,24707.400019999997,9.1745966374874,1
1522,-114.625,18503.027159999998,8.5202025175095,1
1523,-119.125,848.9155093,6.3890160173177994,1
1524,-113.6875,4045.355004,8.626559317112,1
1525,-119.125,5557.231707,7.998587548732799,1
1526,-113.6875,4374.508841,9.0340580046177,1
1527,-116.5,9343.751344,8.134018868207901,1
1528,-117.0625,7575.874943000001,9.3118747472763,1
1529,-122.125,7900.807712000001,8.0113545358181,1
1530,-117.25,7285.710383,7.3819162547588,1
1531,-119.5,14031.982590000001,8.7429322004318,1
1532,-115.9375,40151.81905,8.0912863910198,1
1533,-115.75,8417.778914,9.4306470453739,1
1534,-106.375,23661.16558,8.6920440793037,1
1535,-119.3125,11789.139159999999,9.5752682983875,1
1536,-113.3125,6295.051282,9.8778912425041,1
1537,-119.125,7918.124409,7.8369283378124,1
1538,-117.8125,9210.172449,6.269090771675099,1
1539,-114.4375,75960.45702999999,9.016260325908698,1
1540,-118.9375,32434.323780000002,8.5975133180618,1
1541,-112.5625,6679.548199,8.5971882939339,1
1542,-119.3125,11870.83747,8.3262675404549,1
1543,-116.6875,28031.46191,9.061408340930901,1
1544,-119.5,12351.13289,7.9081079363823,1
1545,-117.0625,19379.80375,8.1991039216518,1
1546,-122.5,2900.001102,8.6105234920979,1
1547,-120.4375,4364.1288460000005,7.5048313736916,1
1548,-121.0,3384.965065,6.642777740955401,1
1549,-116.875,3942.6623950000003,8.4895591437817,1
1550,-113.6875,37618.614,8.5783767402172,1
1551,-116.3125,6518.427825,6.1372893750668,1
1552,-116.125,58215.01146,8.6417834162712,1
1553,-109.0,17370.99097,8.6770941615105,1
1554,-119.3125,4442.751147,8.288979113102,1
1555,-112.5625,17320.42188,9.5352165102959,1
1556,-116.5,31368.17129,8.1431509852409,1
1557,-116.875,80823.68583,8.7860139012337,1
1558,-122.125,43360.13544,7.671354562044099,1
1559,-113.6875,9208.988712,8.396326422691299,1
1560,-118.375,25845.58353,8.47765609622,1
1561,-114.25,5156.587413,8.9411911070347,1
1562,-110.125,1059.151282,9.3670823574066,1
1563,-118.75,11576.2987,8.2274417877197,1
1564,-111.625,5133.341090999999,9.634532272815699,1
1565,-119.125,9072.181451,7.9665486216545,1
1566,-116.6875,16423.72809,8.883546829223599,1
1567,-117.625,21118.4746,7.6161788702011,1
1568,-113.5,611.1291513,7.9800131618977,1
1569,-109.1875,6699.884771999999,8.4477721452713,1
1570,-115.9375,5690.018419,9.367603182792699,1
1571,-118.375,1555.221557,8.1186913847923,1
1572,-124.0,6347.342712,5.8849195837975,1
1573,-118.0,29035.081110000003,10.026239216328,1
1574,-115.0,15020.03027,8.3218320906162,1
1575,-118.1875,25800.45243,7.475491195917099,1
1576,-118.0,12191.9908,7.9292079806328,1
1577,-109.9375,639.3214286,7.480293661356,1
1578,-116.875,30565.688589999998,8.5481556952,1
1579,-115.5625,6996.25,8.1004250049591,1
1580,-117.25,181664.8584,10.055192828178,1
1581,-119.125,611.2824156,8.310030937194801,1
1582,-120.25,56717.87278,7.025470137596099,1
1583,-118.75,21239.48485,8.4668218791485,1
1584,-118.5625,3549.883304,7.159084111452099,1
1585,-114.0625,18561.37586,8.551557958126098,1
1586,-115.9375,22346.14524,8.618210554122902,1
1587,-119.875,33639.94267,8.2360032200813,1
1588,-118.9375,72016.37017000001,7.9666696786880005,1
1589,-113.5,15946.31385,8.4303714931011,1
1590,-113.5,9795.209975,9.0423676967621,1
1591,-115.75,41864.54367,8.771726042032201,1
1592,-114.4375,3964.384615,7.8970203399658,1
1593,-119.6875,10040.75365,7.170124053955099,1
1594,-119.3125,10534.380729999999,9.3394823074341,1
1595,-104.5,20304.36393,8.767145156860401,1
1596,-118.9375,18811.53642,6.764906585216499,1
1597,-117.625,18504.05959,8.8823126256466,1
1598,-115.0,16385.44754,8.8205665051937,1
1599,-112.75,8811.289637,8.856473326683,1
1600,-103.375,19503.751790000002,8.918403029441802,1
1601,-115.75,6190.877085,7.9594886302948,1
1602,-115.9375,19528.778980000003,7.8119162023066995,1
1603,-115.375,22941.61039,8.9842818975449,1
1604,-116.875,42945.69412,9.5692914128303,1
1605,-116.125,14021.73196,7.4464160501957,1
1606,-120.4375,6826.95845,6.9186824262142,1
1607,-113.5,17442.40363,8.0139815211296,1
1608,-117.25,28753.79665,7.8960068225861,1
1609,-112.375,6254.298465,7.9784633517265,1
1610,-109.9375,10179.692309999999,9.1595988571644,1
1611,-117.4375,20107.680669999998,8.258725345134701,1
1612,-118.75,33610.10688,7.8776864409447,1
1613,-122.3125,12503.64917,7.7026988267899,1
1614,-120.0625,33211.03493,7.5685897469520995,1
1615,-117.8125,3891.7314520000004,8.1898163408041,1
1616,-118.9375,28700.676610000002,7.702271372079901,1
1617,-113.875,9672.06135,9.0184744596481,1
1618,-112.0,12309.6,8.5243205726147,1
1619,-112.75,12014.920979999999,7.9366012811661,1
1620,-118.75,856.596875,9.156483590602901,1
1621,-116.6875,6762.957576000001,9.1443446278572,1
1622,-121.375,176.5654136,7.2810326814651,1
1623,-119.875,744.7865621000001,8.7401631176472,1
1624,-112.75,27696.2,9.161446452140801,1
1625,-117.25,2072.071534,7.913635492324799,1
1626,-116.3125,79052.44064,9.893035411834699,1
1627,-119.875,20853.36752,9.0489298701286,1
1628,-112.5625,3233.369462,7.6417444348335,1
1629,-117.8125,6172.04548,7.815124720335,1
1630,-111.0625,5569.501652,8.620355039835,1
1631,-110.3125,5502.2574159999995,7.6526447236537996,1
1632,-118.5625,11087.077379999999,7.467268228530901,1
1633,-113.5,3844.52626,8.271241247654,1
1634,-117.8125,29726.12902,8.909200459718699,1
1635,-118.0,34854.24053,7.141087591648099,1
1636,-118.0,1205.355102,6.9924131929874,1
1637,-114.625,4374.75,8.3595831096172,1
1638,-112.375,8392.860053,7.265398919582401,1
1639,-116.6875,12709.728720000001,7.1266832053661,1
1640,-119.125,5238.870511,8.0385895371437,1
1641,-116.875,6854.985062999999,7.9979530572890996,1
1642,-117.4375,8812.926871,6.8690022528172,1
1643,-115.9375,4748.7272729999995,8.6056908965111,1
1644,-117.0625,11343.77229,8.9469622671604,1
1645,-118.75,13604.34117,8.184049278497701,1
1646,-116.875,528.0138035,8.627205044031099,1
1647,-112.75,10313.39413,9.520488739013699,1
1648,-108.0625,22751.38885,10.337543308735,1
1649,-121.1875,4902.4911090000005,6.929043948650401,1
1650,-116.5,17451.276019999998,6.6484178304672,1
1651,-118.5625,3369.5340969999997,8.373952716589,1
1652,-116.875,8386.282143,8.0215670764446,1
1653,-111.0625,9570.753009999999,8.9117629528046,1
1654,-116.125,19959.53559,8.8816391825676,1
1655,-115.75,421.2708246,9.634980022907301,1
1656,-120.0625,8166.459847,7.6252922713757005,1
1657,-118.375,1755.529412,8.7624792158604,1
1658,-105.0625,2292.7666679999998,8.454607754945801,1
1659,-119.3125,6878.965563,6.439702451229099,1
1660,-108.625,21351.98799,9.2780997753143,1
1661,-119.6875,5969.085701,7.391590625047701,1
1662,-116.5,14427.707019999998,8.0577500760555,1
1663,-105.7,157.6704981,11.126021194458001,1
1664,-119.875,7037.726545,7.4004261791706005,1
1665,-115.9375,8326.285714,8.0662951767445,1
1666,-118.75,7418.001073,7.7162280678749005,1
1667,-107.875,33478.99157,9.6413444876671,1
1668,-102.4375,99046.86511,9.7050905227661,1
1669,-114.625,13855.74376,9.885801553726198,1
1670,-104.5,568.2832913,8.6680098176002,1
1671,-114.0625,36769.3922,9.347592830658,1
1672,-114.625,832.0521173,8.9128996431828,1
1673,-120.0625,45241.362460000004,7.8266291022300996,1
1674,-111.25,54170.09967,9.6052486896515,1
1675,-108.625,2810.940354,9.475399732589699,1
1676,-114.25,8432.769754,8.7081754207611,1
1677,-113.125,22434.42108,10.018279969692,1
1678,-106.75,22234.4505,10.242019534111,1
1679,-114.625,14709.586000000001,9.5476847887039,1
1680,-119.125,4203.533582,7.8918013572693,1
1681,-116.5,7179.47057,9.0847177505493,1
1682,-114.8125,834.991417,9.168987810611698,1
1683,-118.0,8601.019603,7.0910894572735,1
1684,-115.1875,14846.9739,8.1617469191551,1
1685,-114.8125,14381.74749,7.5702083408833,1
1686,-117.4375,34036.60478,7.723322063684501,1
1687,-114.25,6329.466667000001,10.366491854191,1
1688,-115.0,8682.858451,7.136509507894501,1
1689,-110.875,132.15889620000002,10.277598500252001,1
1690,-109.1875,8407.996725,7.845056861639,1
1691,-114.4375,23583.91132,8.404432117939,1
1692,-117.0625,4085.368304,7.286972850561099,1
1693,-119.875,5509.224647,7.907333701849001,1
1694,-116.875,56427.06054,9.415532886982,1
1695,-119.125,13734.454769999998,7.9359644949436,1
1696,-102.625,2610.172043,8.321741938591,1
1697,-113.3125,11528.20081,8.0215354859829,1
1698,-113.5,1239.208489,9.190855920314801,1
1699,-104.6875,865.6,9.144350707531,1
1700,-119.3125,7862.738627,7.7773911356926,1
1701,-117.0625,39638.448919999995,8.0457480251789,1
1702,-121.0,38671.37505,7.6453072428703,1
1703,-119.5,28325.78726,7.381191909313201,1
1704,-106.9375,7497.723431999999,9.654083728790301,1
1705,-116.875,1581.6900269999999,8.3436039984226,1
1706,-117.25,3385.154561,8.949826896190599,1
1707,-119.3125,0.0,6.704226881265599,1
1708,-107.3125,16396.58759,8.8352729082108,1
1709,-111.0625,46313.18223,8.1825689077377,1
1710,-117.4375,15906.535740000001,7.8007397055625995,1
1711,-113.6875,688.3749220999999,8.2233614325523,1
1712,-111.8125,226.8633562,8.6087701320648,1
1713,-114.625,101188.4035,9.5666799545288,1
1714,-114.8125,41439.46333,8.2748374640942,1
1715,-110.875,7607.100957,7.601511627435699,1
1716,-111.25,42927.128789999995,10.196795344353,1
1717,-116.125,11706.09086,7.643751591444,1
1718,-117.4375,16409.71297,9.457526922226,1
1719,-118.9375,27537.85,7.7217335999012,1
1720,-121.75,5940.781629,7.8191940188408,1
1721,-113.125,8851.81138,9.1125062406063,1
1722,-115.5625,10157.466,8.4312975406647,1
1723,-115.5625,12396.34645,7.6697160899639,1
1724,-111.0625,146178.9248,8.5919345915318,1
1725,-109.5625,0.0,10.723294496535999,1
1726,-118.75,23331.232359999998,8.2091290950775,1
1727,-117.7857143,152.21886899999998,6.4555554389954,1
1728,-113.5,8788.676923,8.871849358081802,1
1729,-116.875,87061.13421,7.7271855473518,1
1730,-106.375,98.85361737,8.9831994175911,1
1731,-116.875,16768.22025,6.4157607555389,1
1732,-114.625,6253.558357,8.1922375559807,1
1733,-119.3125,14867.08084,8.2845916152,1
1734,-114.8125,23208.89604,8.5909137427807,1
1735,-115.1875,5015.783950999999,9.4189241230488,1
1736,-119.5,2515.018112,8.918963044881801,1
1737,-107.875,4148.392157,8.8885948061943,1
1738,-113.6875,17423.15625,8.5656662583351,1
1739,-116.875,18064.480630000002,9.0320637226105,1
1740,-116.3125,6505.949600999999,7.4483591914177,1
1741,-112.75,36836.209930000005,10.361165881157,1
1742,-118.5625,8457.291663,6.829174757003799,1
1743,-119.3125,2336.579499,7.594415038824099,1
1744,-118.375,3855.710781,8.1944835186005,1
1745,-119.125,1081.849225,7.4168276190758,1
1746,-112.1875,1651.066543,9.3575266599655,1
1747,-115.9375,5423.722543,8.812449932098401,1
1748,-119.5,11487.12162,7.700324088335,1
1749,-113.6875,16497.49266,8.312527418136598,1
1750,-114.8125,5540.965244,7.589180767536201,1
1751,-115.375,7432.725598,8.6736559569836,1
1752,-117.625,19058.34316,8.2300352156162,1
1753,-116.3125,2370.511895,5.4687565962474,1
1754,-110.875,9038.661633,9.7621653676033,1
1755,-112.1875,14829.519230000002,8.127271413803099,1
1756,-119.5,11650.17532,6.8572610318661,1
1757,-113.125,6865.455194,9.561813414096802,1
1758,-111.25,6082.270414,9.2705646753311,1
1759,-119.5,40897.0186,8.241088926792099,1
1760,-116.125,13806.03954,8.289142161607701,1
1761,-120.0625,3301.38372,8.0396019816399,1
1762,-115.9375,1816.468809,8.1081409454346,1
1763,-109.1875,27524.18627,9.178431630134599,1
1764,-116.3125,57494.198410000005,10.405832648277,1
1765,-112.375,4366.202096,8.3737542331219,1
1766,-111.625,7281.32955,7.7538164258002995,1
1767,-115.0,54352.55654,8.642536252736999,1
1768,-117.4375,21177.661480000002,8.8773561120033,1
1769,-117.0625,56607.70496,7.849002629518501,1
1770,-117.8125,182.2054054,9.131364941597,1
1771,-117.25,4589.888755,8.0839996635914,1
1772,-120.0625,5788.274028,7.294507890939701,1
1773,-110.875,87568.89297999999,9.0548665523529,1
1774,-118.75,8525.447326000001,7.1331641376019,1
1775,-103.5625,20387.80128,9.0010589758555,1
1776,-109.75,20713.51351,8.1604540348053,1
1777,-119.875,850.7779085000001,6.7618199586868,1
1778,-117.4375,40131.452410000005,9.029767870903,1
1779,-116.3125,6829.647191,8.2833622992039,1
1780,-122.3125,59780.14161,9.5453795492649,1
1781,-118.375,46605.49725,7.2600522637367,1
1782,-119.3125,8494.745423,7.5042897462845,1
1783,-121.5625,359.2469271,8.9868254363537,1
1784,-114.625,57097.923610000005,9.2235993742943,1
1785,-117.25,22375.11196,8.0563194453716,1
1786,-116.5,16870.80607,7.653912782669099,1
1787,-116.875,12287.45295,8.7078474760056,1
1788,-116.875,29663.628739999996,8.2354264855385,1
1789,-118.0,706.7231797999999,11.421364426613,1
1790,-114.4375,25930.82143,8.206425845623,1
1791,-108.0625,13481.9971,9.9282839894295,1
1792,-114.625,1239.097189,8.5989319384098,1
1793,-119.5,4762.903423,6.5171168446541,1
1794,-119.6875,15335.5896,8.2365710139275,1
1795,-119.3125,18357.770959999998,9.3072068691254,1
1796,-113.875,14247.80298,8.1217492222786,1
1797,-115.9375,15862.625090000001,8.6591299176216,1
1798,-120.25,16335.98069,7.839348167181,1
1799,-116.875,40957.60147,8.5875623822212,1
1800,-117.25,6181.683126,7.1682168245316,1
1801,-114.4375,26156.91548,7.9757523834705,1
1802,-109.75,29547.326189999996,10.740228831768,1
1803,-108.0625,41996.55556,9.0473755300045,1
1804,-116.875,34004.76671,8.6674161553383,1
1805,-113.3125,34249.563930000004,8.460243016481401,1
1806,-117.625,12463.50865,8.381143152713799,1
1807,-118.1875,91530.96746,11.003975510597,1
1808,-112.5625,3108.385326,7.6628433465958,1
1809,-119.6875,5402.98897,8.0685612261295,1
1810,-118.0,1747.323747,9.470655143261,1
1811,-113.5,34640.95175,9.014336407184599,1
1812,-112.9375,9025.740212,9.710093528032301,1
1813,-113.6875,27066.17327,8.4149971604347,1
1814,-118.1875,38848.46593,8.8917466402054,1
1815,-116.6875,1287.007752,7.3406313359737005,1
1816,-115.5625,9254.29202,8.4033570587635,1
1817,-115.1875,10996.52818,8.4480740427971,1
1818,-119.6875,3088.159265,7.8412716090679,1
1819,-119.125,4289.222494,7.8838723301888,1
1820,-118.375,0.0,8.9969719946384,1
1821,-117.8125,6013.995596,9.5258374810219,1
1822,-112.1875,55940.70967999999,8.9965842962265,1
1823,-114.0625,10077.352840000001,8.8309890031815,1
1824,-114.625,9500.659987000001,7.2720580995083,1
1825,-116.125,2096.927083,8.107476651668499,1
1826,-116.125,9910.612245,8.7105385065079,1
1827,-119.875,18106.11774,7.517100840807,1
1828,-114.4375,11008.72062,6.190806269645701,1
1829,-112.1875,27120.24003,8.596469432115601,1
1830,-119.125,59233.58172,9.0730120539665,1
1831,-109.1875,2250.03455,8.0349296033382,1
1832,-116.3125,15747.624090000001,7.7423346042632994,1
1833,-116.875,21223.13117,7.9514546096325,1
1834,-111.0625,5248.195652,8.112615019083,1
1835,-119.875,650.6926288,8.726880222559,1
1836,-115.75,2078.1608850000002,7.9800824224949,1
1837,-116.125,2502.710226,8.3312302827835,1
1838,-119.3125,40892.621139999996,9.1222760677338,1
1839,-120.0625,6120.743219,7.967528194189099,1
1840,-113.5,2311.818168,9.1018089056015,1
1841,-114.625,12414.33333,7.899563163518901,1
1842,-118.5625,1744.6013269999999,8.4714675843716,1
1843,-108.25,24645.88766,9.1559788882732,1
1844,-109.75,22022.62097,8.9851325154305,1
1845,-119.875,5245.773187,7.1145240366459,1
1846,-119.5,11664.29573,9.6431593298912,1
1847,-113.125,9894.370559,7.1585367023945,1
1848,-115.1875,14554.73595,7.5500348409017,1
1849,-117.25,164.5293233,5.325000047683701,1
1850,-115.0,15548.805530000001,9.3809663355351,1
1851,-119.3125,26396.995219999997,7.8356064260005995,1
1852,-118.1875,1578.515148,8.1546205878258,1
1853,-117.625,47260.57623,7.5666832029819,1
1854,-116.875,3666.3977189999996,7.0227072536945,1
1855,-109.0,95846.5045,9.054472625255599,1
1856,-117.8125,22778.45577,8.954436063766499,1
1857,-114.25,17465.586880000003,8.4149016439915,1
1858,-120.4375,16235.57641,5.4614610224961995,1
1859,-119.125,24797.12734,8.7656460404396,1
1860,-115.9375,56641.28626,9.1889337301254,1
1861,-106.9375,2415.225487,9.403895378112802,1
1862,-115.75,3766.31946,8.74427780509,1
1863,-116.6875,117461.0682,7.638153910636901,1
1864,-107.6875,6590.501326,10.073243319988,1
1865,-113.125,3899.1397850000003,10.871729791164,1
1866,-119.125,17125.75996,8.8035696744919,1
1867,-117.0625,3615.983516,7.858884513378099,1
1868,-116.6875,11440.28571,10.213446438313,1
1869,-115.0,17677.904759999998,7.8014967143536,1
1870,-116.125,27297.064939999997,8.240219950676,1
1871,-118.9375,20058.80057,9.223631262779199,1
1872,-118.1875,4506.5457289999995,5.7659627646208,1
1873,-119.125,5780.589782999999,8.4277970790863,1
1874,-116.125,6390.961742,6.9027679562569,1
1875,-118.9375,7037.664225,6.806195527315099,1
1876,-109.5625,19601.1363,7.600118994712799,1
1877,-114.0625,12813.30688,9.1393390893936,1
1878,-116.125,1633.654326,7.655318915844001,1
1879,-112.9375,4406.673232,9.2014751136303,1
1880,-114.25,12141.10766,10.213223129511,1
1881,-118.75,20435.96071,8.8356040418148,1
1882,-120.625,6224.3048850000005,8.2889982163906,1
1883,-108.25,13708.90317,8.6748749017715,1
1884,-118.1875,12974.777259999999,7.323210507631299,1
1885,-116.3125,1221.807507,8.9344234466553,1
1886,-107.875,7456.2153180000005,9.7430981993675,1
1887,-107.6875,2356.537313,8.0203587114811,1
1888,-117.0625,1578.597352,7.754806816577901,1
1889,-116.125,11037.17238,9.5553879737854,1
1890,-107.3125,169.0577508,10.840238362551,1
1891,-111.0625,4491.504677,8.0449567437172,1
1892,-115.1875,2417.75,9.985072493553199,1
1893,-119.3125,8013.770064,6.8681522607803,1
1894,-118.375,5923.85333,7.4831653237343,1
1895,-118.1875,30011.48205,9.826071560382802,1
1896,-120.25,10946.957779999999,7.9272620379925005,1
1897,-114.25,52385.01224,8.3162605762482,1
1898,-119.6875,13073.11742,7.343782901763901,1
1899,-115.0,15159.594780000001,7.859345614910099,1
1900,-116.6875,25336.62096,7.939156115055099,1
1901,-116.125,6111.926149,7.0376065075397,1
1902,-111.9,869.2338292000002,5.9200000762939,1
1903,-121.375,4587.081165,7.9929983615875,1
1904,-119.3125,40709.22666,8.3055812418461,1
1905,-116.6875,3905.3359560000004,8.4979739189148,1
1906,-113.6875,5799.982940999999,7.849586457014099,1
1907,-119.3125,20260.178340000002,8.4217478632927,1
1908,-113.875,17471.36841,8.4465755522251,1
1909,-119.3125,2804.0109820000002,7.8599595725536,1
1910,-116.5,17689.87029,8.2197056412697,1
1911,-121.5625,32368.72615,7.6280358135699995,1
1912,-118.5625,2775.720622,8.789258658886,1
1913,-113.3125,380.2954779,8.591265231370901,1
1914,-116.6875,42697.25581,7.7283391952514995,1
1915,-120.0625,19683.550890000002,8.433828830719,1
1916,-113.5,3052.333864,7.8927753567696,1
1917,-118.375,1917.937584,7.735400736331901,1
1918,-109.9375,26149.24089,8.6686041653156,1
1919,-119.125,765.6036866000001,8.814600944519,1
1920,-119.5,35807.78114,8.812392562627801,1
1921,-119.125,614.235082,7.9712933301926,1
1922,-116.5,8192.825658,8.653796076774599,1
1923,-110.6875,4744.247606,8.2176680862904,1
1924,-120.0625,1061.587056,7.3645928064982,1
1925,-110.125,3739.062342,10.232601881027,1
1926,-115.75,1849.853118,10.533736109734,1
1927,-105.625,2632.45645,9.0809827148914,1
1928,-118.9375,15736.88566,8.4187841713428,1
1929,-115.1875,10896.13255,7.3053660094738,1
1930,-115.1875,12068.36484,8.2515935003757,1
1931,-114.8125,15939.84935,8.2461384236813,1
1932,-117.8125,6624.505017,7.1739163696766,1
1933,-114.25,39723.44716,9.4578497111797,1
1934,-119.5,27055.509860000002,7.435846447944599,1
1935,-117.8125,1332.5950050000001,8.6156012713909,1
1936,-114.0625,17098.1955,8.8388034701347,1
1937,-118.1875,0.0,8.7214878201485,1
1938,-113.3125,3372.468297,8.7882403731346,1
1939,-118.0,7477.328309,8.0727109014988,1
1940,-118.375,18548.0117,7.937260657548901,1
1941,-117.0625,68902.42602,8.183761119842499,1
1942,-118.75,1784.2325649999998,8.6723670959473,1
1943,-113.875,3973.17073,6.871816307306299,1
1944,-112.1875,3899.1397850000003,9.3416624367237,1
1945,-112.9375,3541.3327289999997,8.2385342717171,1
1946,-117.25,33521.44726,9.524308323860199,1
1947,-117.4375,17164.7531,7.2874144613743,1
1948,-119.5,22583.9514,7.631079107523,1
1949,-113.875,12289.7547,9.321422457695,1
1950,-115.9375,5117.3595700000005,7.8910474181175,1
1951,-117.625,18925.7828,10.032751351595,1
1952,-109.9375,1620.932748,8.8522192239761,1
1953,-113.3125,38739.90232,8.4148463308811,1
1954,-116.125,9699.082569,8.8264338076115,1
1955,-117.4375,7939.69314,8.254523903131501,1
1956,-115.0,3040.718182,8.5358871221542,1
1957,-118.1875,41824.354530000004,6.7474903166294,1
1958,-115.75,10888.476279999999,9.9477912783623,1
1959,-115.1875,15831.61325,7.7991630733013,1
1960,-111.625,23472.610419999997,9.042666018009198,1
1961,-110.875,15468.210019999999,9.8630518317223,1
1962,-110.875,9463.830605,7.7121739685535005,1
1963,-114.4375,2258.1797030000002,8.7062853574753,1
1964,-113.125,18560.870130000003,8.504311382770501,1
1965,-116.125,7877.054297,9.683603703975699,1
1966,-118.375,14760.94993,6.316133081913001,1
1967,-119.6875,7384.870697,8.927960515022301,1
1968,-118.75,1326.9941509999999,7.9748131930828,1
1969,-113.6875,9078.378909000001,8.2063876390457,1
1970,-116.5,23923.38225,7.377053141593901,1
1971,-105.25,4194.26239,9.714568734169001,1
1972,-112.75,7990.222222,9.138612508773802,1
1973,-116.6875,27313.77829,8.5647977590561,1
1974,-113.3125,86910.8,8.1756756007671,1
1975,-119.875,11086.20505,8.9547050595284,1
1976,-116.875,20365.43305,8.472336739301701,1
1977,-120.8125,5442.287295,8.7917372584343,1
1978,-115.75,7363.06087,8.030177861452099,1
1979,-118.5625,9458.57553,8.1704966127872,1
1980,-118.9375,328.5716423,8.0265572965145,1
1981,-107.5,852.1573687000001,8.9270491600037,1
1982,-121.375,2034.3637350000001,8.4343496263027,1
1983,-117.4375,7137.316695,7.754676908254599,1
1984,-119.125,11179.76685,8.6363235116005,1
1985,-112.75,5356.425085,8.420303642749799,1
1986,-113.5,30743.64916,8.136685192585,1
1987,-120.25,55058.32702999999,6.931813269853599,1
1988,-109.375,5745.557872,8.2994861006737,1
1989,-106.75,40813.60724,9.014962156613699,1
1990,-116.5,8000.497843000001,8.5867758691311,1
1991,-119.875,48173.635910000005,8.3656740188599,1
1992,-112.0,60257.42424,9.3436831235886,1
1993,-115.0,21710.83193,8.5565365850925,1
1994,-114.0625,8448.364806,7.8153881430625995,1
1995,-117.25,161692.8611,10.408735394478,1
1996,-118.375,4865.630669,7.8011877238750005,1
1997,-111.0625,12156.72381,8.8417630791664,1
1998,-110.5,3192.767793,10.575892329216,1
1999,-113.5,33362.55238,9.541831970214801,1
2000,-119.6875,3792.314785,7.7187807559967005,1
2001,-116.5,3480.3620509999996,7.6942336261272,1
2002,-119.125,7033.295775,9.3674547076225,1
2003,-110.6875,12399.25797,7.8192130923271,1
2004,-114.4375,8759.416217,8.179085880518,1
2005,-114.25,22495.056969999998,8.7577703893185,1
2006,-114.0625,2079.393158,9.242318660020802,1
2007,-118.375,9748.559184,6.880255848169299,1
2008,-111.0625,24679.30915,10.088400125504,1
2009,-114.25,18152.17611,9.493193447589901,1
2010,-118.5625,7011.044987,8.462219327688201,1
2011,-103.0,9287.347638,9.729788362979901,1
2012,-117.25,59745.431520000006,7.7010483741760005,1
2013,-120.4375,9219.454895,8.1229852437973,1
2014,-107.3125,15698.40385,9.8482011556625,1
2015,-121.0,2421.198957,6.957807302475,1
2016,-118.1875,0.0,8.6255350112915,1
2017,-113.3125,89548.51826,9.016865670681,1
2018,-113.875,3969.219911,7.066780179738999,1
2019,-113.875,19783.16955,8.5983115434647,1
2020,-108.0625,2457.130952,9.2341661155224,1
2021,-119.125,485.40278,9.5521717965603,1
2022,-116.6875,11485.31915,7.837847739458099,1
2023,-116.875,389.510611,6.5687117129564,1
2024,-116.125,10885.54803,7.7885314524174,1
2025,-116.6875,9485.100498,8.4120871722698,1
2026,-118.0,4612.854167,7.664210736751599,1
2027,-110.5,11933.62634,9.5228248238563,1
2028,-116.5,19042.720559999998,8.9738191366196,1
2029,-103.9375,8459.898936,8.6597800850868,1
2030,-119.5,3111.1100309999997,8.595905482769,1
2031,-116.3125,28441.872030000002,7.9696722328663006,1
2032,-112.75,2895.873246,8.0032721757889,1
2033,-114.4375,72995.59425,9.2758705615997,1
2034,-114.25,15648.59381,11.279344439507,1
2035,-119.125,3693.006626,7.2064841985703,1
2036,-119.125,2266.078689,8.0341421067715,1
2037,-117.625,6367.419538,7.6100102066994,1
2038,-116.5,14765.55122,7.333493322134,1
2039,-117.25,7468.619095999999,8.6537346541882,1
2040,-119.5,9663.050617,8.493876457214402,1
2041,-116.5,1531.996497,6.809986114501999,1
2042,-103.0,296.3418803,9.2009737789631,1
2043,-119.3125,5542.733271,6.8409928381443,1
2044,-116.5,35611.279089999996,7.4953872263432,1
2045,-119.5,8859.890617000001,7.5038082897663,1
2046,-117.8125,20069.93761,8.925369739532501,1
2047,-115.75,24786.86555,8.579030513763401,1
2048,-118.9375,26984.046730000002,9.0788824558258,1
2049,-119.3125,25736.27376,8.329460889101,1
2050,-112.0,13902.811590000001,7.665557146072401,1
2051,-116.3125,29703.3562,8.2317521572113,1
2052,-118.1875,16087.8737,7.922980487346599,1
2053,-120.25,63807.902129999995,9.179875463247301,1
2054,-110.5,24725.23734,9.2451624274254,1
2055,-114.25,3112.1550629999997,7.8732464015484,1
2056,-118.375,12532.97399,7.9116552770138,1
2057,-116.3125,33959.45749,7.556406438350701,1
2058,-118.375,16141.954080000001,7.99532943964,1
2059,-116.125,10129.84333,7.5616664886475,1
2060,-112.75,17411.07966,10.109232783318,1
2061,-119.5,1664.8711560000002,7.4267807006836,1
2062,-119.5,9092.972376,9.4945504963398,1
2063,-109.75,3162.0643010000003,9.9985528588295,1
2064,-112.375,1597.745257,8.5729827582836,1
2065,-116.3125,5261.742576,7.2454838752747,1
2066,-113.5,7641.875194,7.6637953221798005,1
2067,-114.25,7072.040445000001,8.287218809127799,1
2068,-117.8125,34960.20213,8.21948158741,1
2069,-117.4375,1814.3590170000002,7.7904230356216,1
2070,-117.625,8286.529418,7.4321638345718,1
2071,-114.0625,78738.65324,9.6018813848496,1
2072,-116.875,3733.9203759999996,7.9494364857674,1
2073,-119.3125,328.5716423,7.2881090342999,1
2074,-119.875,10096.55172,7.2580671012402,1
2075,-117.25,96874.0,8.768245160579701,1
2076,-116.5,7319.506629,7.2378522753715995,1
2077,-113.3125,13413.27206,8.8523043990135,1
2078,-110.125,17831.01568,9.793158352375,1
2079,-113.5,4709.0504439999995,10.152171909809,1
2080,-111.25,8164.006055,8.8083558082581,1
2081,-118.0,13008.24511,8.0263777077198,1
2082,-113.125,1166.1886789999999,9.9369484782219,1
2083,-117.0625,376.4855634,6.9545454978943,1
2084,-115.1875,2816.368286,9.2386589646339,1
2085,-116.6875,17376.05613,8.747562944889099,1
2086,-119.5,30137.3617,8.957900851965,1
2087,-122.5,2490.018431,6.059710741043099,1
2088,-118.5625,2884.586314,10.108100831509,1
2089,-119.875,5915.54154,6.937110990285901,1
2090,-116.3125,56204.288479999996,8.0724211633205,1
2091,-116.3125,9565.178624,7.840930491685901,1
